<metadata xml:lang="en">
	<Esri>
		<CreaDate>20170208</CreaDate>
		<CreaTime>01025400</CreaTime>
		<ArcGISFormat>1.0</ArcGISFormat>
		<SyncOnce>FALSE</SyncOnce>
		<DataProperties>
			<lineage>
				<Process ToolSource="c:\program files (x86)\arcgis\desktop10.2\ArcToolbox\Toolboxes\Data Management Tools.tbx\CreateFeatureclass" Date="20170208" Time="010254">CreateFeatureclass C:\python_scripts\temp\invasives.gdb invasives_pt POINT # DISABLED DISABLED "PROJCS['NAD_1983_UTM_Zone_15N',GEOGCS['GCS_North_American_1983',DATUM['D_North_American_1983',SPHEROID['GRS_1980',6378137.0,298.257222101]],PRIMEM['Greenwich',0.0],UNIT['Degree',0.0174532925199433]],PROJECTION['Transverse_Mercator'],PARAMETER['False_Easting',500000.0],PARAMETER['False_Northing',0.0],PARAMETER['Central_Meridian',-93.0],PARAMETER['Scale_Factor',0.9996],PARAMETER['Latitude_Of_Origin',0.0],UNIT['Meter',1.0]];-5120900 -9998100 10000;-100000 10000;-100000 10000;0.001;0.001;0.001;IsHighPrecision" # 0 0 0</Process>
				<Process ToolSource="c:\program files (x86)\arcgis\desktop10.2\ArcToolbox\Toolboxes\Data Management Tools.tbx\AddField" Date="20170208" Time="010255">AddField C:\python_scripts\temp\invasives.gdb\invasives_pt id_number DOUBLE # # 10 "Unique ID Number" NULLABLE NON_REQUIRED #</Process>
				<Process ToolSource="c:\program files (x86)\arcgis\desktop10.2\ArcToolbox\Toolboxes\Data Management Tools.tbx\AddField" Date="20170208" Time="010255">AddField C:\python_scripts\temp\invasives.gdb\invasives_pt subjectnumber DOUBLE # # 5 "Species Number" NULLABLE NON_REQUIRED #</Process>
				<Process ToolSource="c:\program files (x86)\arcgis\desktop10.2\ArcToolbox\Toolboxes\Data Management Tools.tbx\AddField" Date="20170208" Time="010256">AddField C:\python_scripts\temp\invasives.gdb\invasives_pt commonname TEXT # # 60 "Common Name" NULLABLE NON_REQUIRED #</Process>
				<Process ToolSource="c:\program files (x86)\arcgis\desktop10.2\ArcToolbox\Toolboxes\Data Management Tools.tbx\AddField" Date="20170208" Time="010257">AddField C:\python_scripts\temp\invasives.gdb\invasives_pt scientificname TEXT # # 100 "Scientific Name" NULLABLE NON_REQUIRED #</Process>
				<Process ToolSource="c:\program files (x86)\arcgis\desktop10.2\ArcToolbox\Toolboxes\Data Management Tools.tbx\AddField" Date="20170208" Time="010259">AddField C:\python_scripts\temp\invasives.gdb\invasives_pt division TEXT # # 100 Division NULLABLE NON_REQUIRED #</Process>
				<Process ToolSource="c:\program files (x86)\arcgis\desktop10.2\ArcToolbox\Toolboxes\Data Management Tools.tbx\AddField" Date="20170208" Time="010300">AddField C:\python_scripts\temp\invasives.gdb\invasives_pt category1 TEXT # # 100 "Category 1" NULLABLE NON_REQUIRED #</Process>
				<Process ToolSource="c:\program files (x86)\arcgis\desktop10.2\ArcToolbox\Toolboxes\Data Management Tools.tbx\AddField" Date="20170208" Time="010301">AddField C:\python_scripts\temp\invasives.gdb\invasives_pt category2 TEXT # # 100 "Category 2" NULLABLE NON_REQUIRED #</Process>
				<Process ToolSource="c:\program files (x86)\arcgis\desktop10.2\ArcToolbox\Toolboxes\Data Management Tools.tbx\AddField" Date="20170208" Time="010301">AddField C:\python_scripts\temp\invasives.gdb\invasives_pt observationdate TEXT # # 35 "Observation Date" NULLABLE NON_REQUIRED #</Process>
				<Process ToolSource="c:\program files (x86)\arcgis\desktop10.2\ArcToolbox\Toolboxes\Data Management Tools.tbx\AddField" Date="20170208" Time="010302">AddField C:\python_scripts\temp\invasives.gdb\invasives_pt reporterid DOUBLE # # 5 "Reporter ID" NULLABLE NON_REQUIRED #</Process>
				<Process ToolSource="c:\program files (x86)\arcgis\desktop10.2\ArcToolbox\Toolboxes\Data Management Tools.tbx\AddField" Date="20170208" Time="010303">AddField C:\python_scripts\temp\invasives.gdb\invasives_pt reporter TEXT # # 100 Reporter NULLABLE NON_REQUIRED #</Process>
				<Process ToolSource="c:\program files (x86)\arcgis\desktop10.2\ArcToolbox\Toolboxes\Data Management Tools.tbx\AddField" Date="20170208" Time="010304">AddField C:\python_scripts\temp\invasives.gdb\invasives_pt srcname TEXT # # 100 "Source Organization" NULLABLE NON_REQUIRED #</Process>
				<Process ToolSource="c:\program files (x86)\arcgis\desktop10.2\ArcToolbox\Toolboxes\Data Management Tools.tbx\AddField" Date="20170208" Time="010305">AddField C:\python_scripts\temp\invasives.gdb\invasives_pt surveyor TEXT # # 100 Surveyor NULLABLE NON_REQUIRED #</Process>
				<Process ToolSource="c:\program files (x86)\arcgis\desktop10.2\ArcToolbox\Toolboxes\Data Management Tools.tbx\AddField" Date="20170208" Time="010306">AddField C:\python_scripts\temp\invasives.gdb\invasives_pt administrator TEXT # # 100 Administrator NULLABLE NON_REQUIRED #</Process>
				<Process ToolSource="c:\program files (x86)\arcgis\desktop10.2\ArcToolbox\Toolboxes\Data Management Tools.tbx\AddField" Date="20170208" Time="010307">AddField C:\python_scripts\temp\invasives.gdb\invasives_pt unitname TEXT # # 100 "Unit Name" NULLABLE NON_REQUIRED #</Process>
				<Process ToolSource="c:\program files (x86)\arcgis\desktop10.2\ArcToolbox\Toolboxes\Data Management Tools.tbx\AddField" Date="20170208" Time="010308">AddField C:\python_scripts\temp\invasives.gdb\invasives_pt unittype TEXT # # 100 "Unit Type" NULLABLE NON_REQUIRED #</Process>
				<Process ToolSource="c:\program files (x86)\arcgis\desktop10.2\ArcToolbox\Toolboxes\Data Management Tools.tbx\AddField" Date="20170208" Time="010309">AddField C:\python_scripts\temp\invasives.gdb\invasives_pt administratingdivision TEXT # # 100 "Administrating Division" NULLABLE NON_REQUIRED #</Process>
				<Process ToolSource="c:\program files (x86)\arcgis\desktop10.2\ArcToolbox\Toolboxes\Data Management Tools.tbx\AddField" Date="20170208" Time="010310">AddField C:\python_scripts\temp\invasives.gdb\invasives_pt datereviewed TEXT # # 35 "Date Verified" NULLABLE NON_REQUIRED #</Process>
				<Process ToolSource="c:\program files (x86)\arcgis\desktop10.2\ArcToolbox\Toolboxes\Data Management Tools.tbx\AddField" Date="20170208" Time="010311">AddField C:\python_scripts\temp\invasives.gdb\invasives_pt reviewer TEXT # # 100 Verifier NULLABLE NON_REQUIRED #</Process>
				<Process ToolSource="c:\program files (x86)\arcgis\desktop10.2\ArcToolbox\Toolboxes\Data Management Tools.tbx\AddField" Date="20170208" Time="010312">AddField C:\python_scripts\temp\invasives.gdb\invasives_pt confidence TEXT # # 50 Confidence NULLABLE NON_REQUIRED #</Process>
				<Process ToolSource="c:\program files (x86)\arcgis\desktop10.2\ArcToolbox\Toolboxes\Data Management Tools.tbx\AddField" Date="20170208" Time="010313">AddField C:\python_scripts\temp\invasives.gdb\invasives_pt identificationcredibility TEXT # # 100 "Identification Credibility" NULLABLE NON_REQUIRED #</Process>
				<Process ToolSource="c:\program files (x86)\arcgis\desktop10.2\ArcToolbox\Toolboxes\Data Management Tools.tbx\AddField" Date="20170208" Time="010314">AddField C:\python_scripts\temp\invasives.gdb\invasives_pt reporteraffiliation TEXT # # 100 "Reporter Affiliation" NULLABLE NON_REQUIRED #</Process>
				<Process ToolSource="c:\program files (x86)\arcgis\desktop10.2\ArcToolbox\Toolboxes\Data Management Tools.tbx\AddField" Date="20170208" Time="010315">AddField C:\python_scripts\temp\invasives.gdb\invasives_pt reporteraffiliation2 TEXT # # 100 "Reporter Affiliation 2" NULLABLE NON_REQUIRED #</Process>
				<Process ToolSource="c:\program files (x86)\arcgis\desktop10.2\ArcToolbox\Toolboxes\Data Management Tools.tbx\AddField" Date="20170208" Time="010316">AddField C:\python_scripts\temp\invasives.gdb\invasives_pt countyfips DOUBLE # # 5 "StateCounty FIPS" NULLABLE NON_REQUIRED #</Process>
				<Process ToolSource="c:\program files (x86)\arcgis\desktop10.2\ArcToolbox\Toolboxes\Data Management Tools.tbx\AddField" Date="20170208" Time="010317">AddField C:\python_scripts\temp\invasives.gdb\invasives_pt county TEXT # # 30 County NULLABLE NON_REQUIRED #</Process>
				<Process ToolSource="c:\program files (x86)\arcgis\desktop10.2\ArcToolbox\Toolboxes\Data Management Tools.tbx\AddField" Date="20170208" Time="010318">AddField C:\python_scripts\temp\invasives.gdb\invasives_pt city TEXT # # 30 City NULLABLE NON_REQUIRED #</Process>
				<Process ToolSource="c:\program files (x86)\arcgis\desktop10.2\ArcToolbox\Toolboxes\Data Management Tools.tbx\AddField" Date="20170208" Time="010319">AddField C:\python_scripts\temp\invasives.gdb\invasives_pt locality TEXT # # 750 "Locality Description" NULLABLE NON_REQUIRED #</Process>
				<Process ToolSource="c:\program files (x86)\arcgis\desktop10.2\ArcToolbox\Toolboxes\Data Management Tools.tbx\AddField" Date="20170208" Time="010320">AddField C:\python_scripts\temp\invasives.gdb\invasives_pt local_ownership TEXT # # 100 "Local Ownership" NULLABLE NON_REQUIRED #</Process>
				<Process ToolSource="c:\program files (x86)\arcgis\desktop10.2\ArcToolbox\Toolboxes\Data Management Tools.tbx\AddField" Date="20170208" Time="010321">AddField C:\python_scripts\temp\invasives.gdb\invasives_pt national_ownership TEXT # # 100 "National Ownership" NULLABLE NON_REQUIRED #</Process>
				<Process ToolSource="c:\program files (x86)\arcgis\desktop10.2\ArcToolbox\Toolboxes\Data Management Tools.tbx\AddField" Date="20170208" Time="010322">AddField C:\python_scripts\temp\invasives.gdb\invasives_pt sitename TEXT # # 200 "Site Name" NULLABLE NON_REQUIRED #</Process>
				<Process ToolSource="c:\program files (x86)\arcgis\desktop10.2\ArcToolbox\Toolboxes\Data Management Tools.tbx\AddField" Date="20170208" Time="010323">AddField C:\python_scripts\temp\invasives.gdb\invasives_pt habitat TEXT # # 500 Habitat NULLABLE NON_REQUIRED #</Process>
				<Process ToolSource="c:\program files (x86)\arcgis\desktop10.2\ArcToolbox\Toolboxes\Data Management Tools.tbx\AddField" Date="20170208" Time="010324">AddField C:\python_scripts\temp\invasives.gdb\invasives_pt canopycover TEXT # # 100 "Canopy Closure" NULLABLE NON_REQUIRED #</Process>
				<Process ToolSource="c:\program files (x86)\arcgis\desktop10.2\ArcToolbox\Toolboxes\Data Management Tools.tbx\AddField" Date="20170208" Time="010325">AddField C:\python_scripts\temp\invasives.gdb\invasives_pt grossareainacres TEXT # # 30 "Gross Area in Acres" NULLABLE NON_REQUIRED #</Process>
				<Process ToolSource="c:\program files (x86)\arcgis\desktop10.2\ArcToolbox\Toolboxes\Data Management Tools.tbx\AddField" Date="20170208" Time="010326">AddField C:\python_scripts\temp\invasives.gdb\invasives_pt abundance TEXT # # 50 Abundance NULLABLE NON_REQUIRED #</Process>
				<Process ToolSource="c:\program files (x86)\arcgis\desktop10.2\ArcToolbox\Toolboxes\Data Management Tools.tbx\AddField" Date="20170208" Time="010327">AddField C:\python_scripts\temp\invasives.gdb\invasives_pt infestedareainacres TEXT # # 30 "Infested Area in Acres" NULLABLE NON_REQUIRED #</Process>
				<Process ToolSource="c:\program files (x86)\arcgis\desktop10.2\ArcToolbox\Toolboxes\Data Management Tools.tbx\AddField" Date="20170208" Time="010328">AddField C:\python_scripts\temp\invasives.gdb\invasives_pt impactedresources TEXT # # 500 "Impacted Resources" NULLABLE NON_REQUIRED #</Process>
				<Process ToolSource="c:\program files (x86)\arcgis\desktop10.2\ArcToolbox\Toolboxes\Data Management Tools.tbx\AddField" Date="20170208" Time="010329">AddField C:\python_scripts\temp\invasives.gdb\invasives_pt incidence TEXT # # 4 "Damage Severity" NULLABLE NON_REQUIRED #</Process>
				<Process ToolSource="c:\program files (x86)\arcgis\desktop10.2\ArcToolbox\Toolboxes\Data Management Tools.tbx\AddField" Date="20170208" Time="010330">AddField C:\python_scripts\temp\invasives.gdb\invasives_pt incidenceunit TEXT # # 20 "Damage Severity Units" NULLABLE NON_REQUIRED #</Process>
				<Process ToolSource="c:\program files (x86)\arcgis\desktop10.2\ArcToolbox\Toolboxes\Data Management Tools.tbx\AddField" Date="20170208" Time="010331">AddField C:\python_scripts\temp\invasives.gdb\invasives_pt severity TEXT # # 6 "Disease Impact" NULLABLE NON_REQUIRED #</Process>
				<Process ToolSource="c:\program files (x86)\arcgis\desktop10.2\ArcToolbox\Toolboxes\Data Management Tools.tbx\AddField" Date="20170208" Time="010331">AddField C:\python_scripts\temp\invasives.gdb\invasives_pt severityunit TEXT # # 20 "Disease Impact Units" NULLABLE NON_REQUIRED #</Process>
				<Process ToolSource="c:\program files (x86)\arcgis\desktop10.2\ArcToolbox\Toolboxes\Data Management Tools.tbx\AddField" Date="20170208" Time="010332">AddField C:\python_scripts\temp\invasives.gdb\invasives_pt disturbance TEXT # # 100 Disturbance NULLABLE NON_REQUIRED #</Process>
				<Process ToolSource="c:\program files (x86)\arcgis\desktop10.2\ArcToolbox\Toolboxes\Data Management Tools.tbx\AddField" Date="20170208" Time="010332">AddField C:\python_scripts\temp\invasives.gdb\invasives_pt disturbanceage TEXT # # 4 "Years since Disturbance" NULLABLE NON_REQUIRED #</Process>
				<Process ToolSource="c:\program files (x86)\arcgis\desktop10.2\ArcToolbox\Toolboxes\Data Management Tools.tbx\AddField" Date="20170208" Time="010333">AddField C:\python_scripts\temp\invasives.gdb\invasives_pt disturbsev TEXT # # 30 "Disturbance Severity" NULLABLE NON_REQUIRED #</Process>
				<Process ToolSource="c:\program files (x86)\arcgis\desktop10.2\ArcToolbox\Toolboxes\Data Management Tools.tbx\AddField" Date="20170208" Time="010334">AddField C:\python_scripts\temp\invasives.gdb\invasives_pt percentcover TEXT # # 8 "Percent Invasive Cover" NULLABLE NON_REQUIRED #</Process>
				<Process ToolSource="c:\program files (x86)\arcgis\desktop10.2\ArcToolbox\Toolboxes\Data Management Tools.tbx\AddField" Date="20170208" Time="010335">AddField C:\python_scripts\temp\invasives.gdb\invasives_pt aggressiveness TEXT # # 50 Aggressiveness NULLABLE NON_REQUIRED #</Process>
				<Process ToolSource="c:\program files (x86)\arcgis\desktop10.2\ArcToolbox\Toolboxes\Data Management Tools.tbx\AddField" Date="20170208" Time="010336">AddField C:\python_scripts\temp\invasives.gdb\invasives_pt hostdamage TEXT # # 50 "Host Damage Severity" NULLABLE NON_REQUIRED #</Process>
				<Process ToolSource="c:\program files (x86)\arcgis\desktop10.2\ArcToolbox\Toolboxes\Data Management Tools.tbx\AddField" Date="20170208" Time="010337">AddField C:\python_scripts\temp\invasives.gdb\invasives_pt density TEXT # # 50 Density NULLABLE NON_REQUIRED #</Process>
				<Process ToolSource="c:\program files (x86)\arcgis\desktop10.2\ArcToolbox\Toolboxes\Data Management Tools.tbx\AddField" Date="20170208" Time="010339">AddField C:\python_scripts\temp\invasives.gdb\invasives_pt txabundance TEXT # # 50 "Damage Severity in Area" NULLABLE NON_REQUIRED #</Process>
				<Process ToolSource="c:\program files (x86)\arcgis\desktop10.2\ArcToolbox\Toolboxes\Data Management Tools.tbx\AddField" Date="20170208" Time="010339">AddField C:\python_scripts\temp\invasives.gdb\invasives_pt txpatchtype TEXT # # 50 "Pattern of Damage" NULLABLE NON_REQUIRED #</Process>
				<Process ToolSource="c:\program files (x86)\arcgis\desktop10.2\ArcToolbox\Toolboxes\Data Management Tools.tbx\AddField" Date="20170208" Time="010340">AddField C:\python_scripts\temp\invasives.gdb\invasives_pt visittype TEXT # # 50 "Purpose of Visit" NULLABLE NON_REQUIRED #</Process>
				<Process ToolSource="c:\program files (x86)\arcgis\desktop10.2\ArcToolbox\Toolboxes\Data Management Tools.tbx\AddField" Date="20170208" Time="010341">AddField C:\python_scripts\temp\invasives.gdb\invasives_pt studytype TEXT # # 50 "Study Method" NULLABLE NON_REQUIRED #</Process>
				<Process ToolSource="c:\program files (x86)\arcgis\desktop10.2\ArcToolbox\Toolboxes\Data Management Tools.tbx\AddField" Date="20170208" Time="010341">AddField C:\python_scripts\temp\invasives.gdb\invasives_pt projectmethod TEXT # # 50 "Method of Detection" NULLABLE NON_REQUIRED #</Process>
				<Process ToolSource="c:\program files (x86)\arcgis\desktop10.2\ArcToolbox\Toolboxes\Data Management Tools.tbx\AddField" Date="20170208" Time="010342">AddField C:\python_scripts\temp\invasives.gdb\invasives_pt numberobserved TEXT # # 30 "Number of Individuals" NULLABLE NON_REQUIRED #</Process>
				<Process ToolSource="c:\program files (x86)\arcgis\desktop10.2\ArcToolbox\Toolboxes\Data Management Tools.tbx\AddField" Date="20170208" Time="010342">AddField C:\python_scripts\temp\invasives.gdb\invasives_pt lifestatus TEXT # # 100 "Life Status" NULLABLE NON_REQUIRED #</Process>
				<Process ToolSource="c:\program files (x86)\arcgis\desktop10.2\ArcToolbox\Toolboxes\Data Management Tools.tbx\AddField" Date="20170208" Time="010343">AddField C:\python_scripts\temp\invasives.gdb\invasives_pt sex TEXT # # 8 Sex NULLABLE NON_REQUIRED #</Process>
				<Process ToolSource="c:\program files (x86)\arcgis\desktop10.2\ArcToolbox\Toolboxes\Data Management Tools.tbx\AddField" Date="20170208" Time="010344">AddField C:\python_scripts\temp\invasives.gdb\invasives_pt maturity TEXT # # 50 Maturity NULLABLE NON_REQUIRED #</Process>
				<Process ToolSource="c:\program files (x86)\arcgis\desktop10.2\ArcToolbox\Toolboxes\Data Management Tools.tbx\AddField" Date="20170208" Time="010345">AddField C:\python_scripts\temp\invasives.gdb\invasives_pt phenology TEXT # # 200 "Life Stage" NULLABLE NON_REQUIRED #</Process>
				<Process ToolSource="c:\program files (x86)\arcgis\desktop10.2\ArcToolbox\Toolboxes\Data Management Tools.tbx\AddField" Date="20170208" Time="010346">AddField C:\python_scripts\temp\invasives.gdb\invasives_pt largestobserved TEXT # # 8 "Approx Size Observed: Largest" NULLABLE NON_REQUIRED #</Process>
				<Process ToolSource="c:\program files (x86)\arcgis\desktop10.2\ArcToolbox\Toolboxes\Data Management Tools.tbx\AddField" Date="20170208" Time="010348">AddField C:\python_scripts\temp\invasives.gdb\invasives_pt largestobservedunits TEXT # # 100 "Approx Size Observed Units: Largest" NULLABLE NON_REQUIRED #</Process>
				<Process ToolSource="c:\program files (x86)\arcgis\desktop10.2\ArcToolbox\Toolboxes\Data Management Tools.tbx\AddField" Date="20170208" Time="010349">AddField C:\python_scripts\temp\invasives.gdb\invasives_pt smallestobserved TEXT # # 8 "Approx Size Observed: Smallest" NULLABLE NON_REQUIRED #</Process>
				<Process ToolSource="c:\program files (x86)\arcgis\desktop10.2\ArcToolbox\Toolboxes\Data Management Tools.tbx\AddField" Date="20170208" Time="010350">AddField C:\python_scripts\temp\invasives.gdb\invasives_pt smallestobservedunits TEXT # # 100 "Approx Size Observed Units: Smallest" NULLABLE NON_REQUIRED #</Process>
				<Process ToolSource="c:\program files (x86)\arcgis\desktop10.2\ArcToolbox\Toolboxes\Data Management Tools.tbx\AddField" Date="20170208" Time="010351">AddField C:\python_scripts\temp\invasives.gdb\invasives_pt waterbodytype TEXT # # 200 "Water Body Type" NULLABLE NON_REQUIRED #</Process>
				<Process ToolSource="c:\program files (x86)\arcgis\desktop10.2\ArcToolbox\Toolboxes\Data Management Tools.tbx\AddField" Date="20170208" Time="010352">AddField C:\python_scripts\temp\invasives.gdb\invasives_pt waterbodyname TEXT # # 200 "Water Body Name" NULLABLE NON_REQUIRED #</Process>
				<Process ToolSource="c:\program files (x86)\arcgis\desktop10.2\ArcToolbox\Toolboxes\Data Management Tools.tbx\AddField" Date="20170208" Time="010353">AddField C:\python_scripts\temp\invasives.gdb\invasives_pt downumber TEXT # # 30 "DOW Number" NULLABLE NON_REQUIRED #</Process>
				<Process ToolSource="c:\program files (x86)\arcgis\desktop10.2\ArcToolbox\Toolboxes\Data Management Tools.tbx\AddField" Date="20170208" Time="010354">AddField C:\python_scripts\temp\invasives.gdb\invasives_pt stemcount TEXT # # 50 "Stem Count" NULLABLE NON_REQUIRED #</Process>
				<Process ToolSource="c:\program files (x86)\arcgis\desktop10.2\ArcToolbox\Toolboxes\Data Management Tools.tbx\AddField" Date="20170208" Time="010355">AddField C:\python_scripts\temp\invasives.gdb\invasives_pt reference TEXT # # 400 Reference NULLABLE NON_REQUIRED #</Process>
				<Process ToolSource="c:\program files (x86)\arcgis\desktop10.2\ArcToolbox\Toolboxes\Data Management Tools.tbx\AddField" Date="20170208" Time="010356">AddField C:\python_scripts\temp\invasives.gdb\invasives_pt comments TEXT # # 1000 Comments NULLABLE NON_REQUIRED #</Process>
				<Process ToolSource="c:\program files (x86)\arcgis\desktop10.2\ArcToolbox\Toolboxes\Data Management Tools.tbx\AddField" Date="20170208" Time="010357">AddField C:\python_scripts\temp\invasives.gdb\invasives_pt treatment TEXT # # 200 Treatment NULLABLE NON_REQUIRED #</Process>
				<Process ToolSource="c:\program files (x86)\arcgis\desktop10.2\ArcToolbox\Toolboxes\Data Management Tools.tbx\AddField" Date="20170208" Time="010358">AddField C:\python_scripts\temp\invasives.gdb\invasives_pt latitude_decimal DOUBLE # # 10 Latitude NULLABLE NON_REQUIRED #</Process>
				<Process ToolSource="c:\program files (x86)\arcgis\desktop10.2\ArcToolbox\Toolboxes\Data Management Tools.tbx\AddField" Date="20170208" Time="010359">AddField C:\python_scripts\temp\invasives.gdb\invasives_pt longitude_decimal DOUBLE # # 10 Longitude NULLABLE NON_REQUIRED #</Process>
				<Process ToolSource="c:\program files (x86)\arcgis\desktop10.2\ArcToolbox\Toolboxes\Data Management Tools.tbx\AddField" Date="20170208" Time="010400">AddField C:\python_scripts\temp\invasives.gdb\invasives_pt latlng TEXT # # 50 "Latitude Longitude" NULLABLE NON_REQUIRED #</Process>
				<Process ToolSource="c:\program files (x86)\arcgis\desktop10.2\ArcToolbox\Toolboxes\Data Management Tools.tbx\DeleteRows" Date="20170208" Time="010410">DeleteRows C:\python_scripts\temp\invasives.gdb\invasives_pt</Process>
				<Process ToolSource="c:\program files (x86)\arcgis\desktop10.2\ArcToolbox\Toolboxes\Conversion Tools.tbx\FeatureClassToFeatureClass" Date="20170208" Time="170216">FeatureClassToFeatureClass C:\python_scripts\temp\invasives.gdb\invasives_pt X:\\gisdata\\state\\mn\\invasives_eddmaps\env_invasive_aquatic_obs.gdb aquatic_invasive_species_observations_pt "category2 = 'Aquatic Animals' OR category1 = 'Fish' OR category1 = 'Snails, Slugs, and Mussels' OR category1 = 'Aquatic Plants' OR commonname = 'loosestrife'" "id_number "Unique ID Number" true true false 8 Double 0 0 ,First,#,C:\python_scripts\temp\invasives.gdb\invasives_pt,id_number,-1,-1;subjectnumber "Species Number" true true false 8 Double 0 0 ,First,#,C:\python_scripts\temp\invasives.gdb\invasives_pt,subjectnumber,-1,-1;commonname "Common Name" true true false 60 Text 0 0 ,First,#,C:\python_scripts\temp\invasives.gdb\invasives_pt,commonname,-1,-1;scientificname "Scientific Name" true true false 100 Text 0 0 ,First,#,C:\python_scripts\temp\invasives.gdb\invasives_pt,scientificname,-1,-1;division "Division" true true false 100 Text 0 0 ,First,#,C:\python_scripts\temp\invasives.gdb\invasives_pt,division,-1,-1;category1 "Category 1" true true false 100 Text 0 0 ,First,#,C:\python_scripts\temp\invasives.gdb\invasives_pt,category1,-1,-1;category2 "Category 2" true true false 100 Text 0 0 ,First,#,C:\python_scripts\temp\invasives.gdb\invasives_pt,category2,-1,-1;observationdate "Observation Date" true true false 35 Text 0 0 ,First,#,C:\python_scripts\temp\invasives.gdb\invasives_pt,observationdate,-1,-1;reporterid "Reporter ID" true true false 8 Double 0 0 ,First,#,C:\python_scripts\temp\invasives.gdb\invasives_pt,reporterid,-1,-1;reporter "Reporter" true true false 100 Text 0 0 ,First,#,C:\python_scripts\temp\invasives.gdb\invasives_pt,reporter,-1,-1;srcname "Source Organization" true true false 100 Text 0 0 ,First,#,C:\python_scripts\temp\invasives.gdb\invasives_pt,srcname,-1,-1;surveyor "Surveyor" true true false 100 Text 0 0 ,First,#,C:\python_scripts\temp\invasives.gdb\invasives_pt,surveyor,-1,-1;administrator "Administrator" true true false 100 Text 0 0 ,First,#,C:\python_scripts\temp\invasives.gdb\invasives_pt,administrator,-1,-1;unitname "Unit Name" true true false 100 Text 0 0 ,First,#,C:\python_scripts\temp\invasives.gdb\invasives_pt,unitname,-1,-1;unittype "Unit Type" true true false 100 Text 0 0 ,First,#,C:\python_scripts\temp\invasives.gdb\invasives_pt,unittype,-1,-1;administratingdivision "Administrating Division" true true false 100 Text 0 0 ,First,#,C:\python_scripts\temp\invasives.gdb\invasives_pt,administratingdivision,-1,-1;datereviewed "Date Verified" true true false 35 Text 0 0 ,First,#,C:\python_scripts\temp\invasives.gdb\invasives_pt,datereviewed,-1,-1;reviewer "Verifier" true true false 100 Text 0 0 ,First,#,C:\python_scripts\temp\invasives.gdb\invasives_pt,reviewer,-1,-1;confidence "Confidence" true true false 50 Text 0 0 ,First,#,C:\python_scripts\temp\invasives.gdb\invasives_pt,confidence,-1,-1;identificationcredibility "Identification Credibility" true true false 100 Text 0 0 ,First,#,C:\python_scripts\temp\invasives.gdb\invasives_pt,identificationcredibility,-1,-1;reporteraffiliation "Reporter Affiliation" true true false 100 Text 0 0 ,First,#,C:\python_scripts\temp\invasives.gdb\invasives_pt,reporteraffiliation,-1,-1;reporteraffiliation2 "Reporter Affiliation 2" true true false 100 Text 0 0 ,First,#,C:\python_scripts\temp\invasives.gdb\invasives_pt,reporteraffiliation2,-1,-1;countyfips "StateCounty FIPS" true true false 8 Double 0 0 ,First,#,C:\python_scripts\temp\invasives.gdb\invasives_pt,countyfips,-1,-1;county "County" true true false 30 Text 0 0 ,First,#,C:\python_scripts\temp\invasives.gdb\invasives_pt,county,-1,-1;city "City" true true false 30 Text 0 0 ,First,#,C:\python_scripts\temp\invasives.gdb\invasives_pt,city,-1,-1;locality "Locality Description" true true false 750 Text 0 0 ,First,#,C:\python_scripts\temp\invasives.gdb\invasives_pt,locality,-1,-1;local_ownership "Local Ownership" true true false 100 Text 0 0 ,First,#,C:\python_scripts\temp\invasives.gdb\invasives_pt,local_ownership,-1,-1;national_ownership "National Ownership" true true false 100 Text 0 0 ,First,#,C:\python_scripts\temp\invasives.gdb\invasives_pt,national_ownership,-1,-1;sitename "Site Name" true true false 200 Text 0 0 ,First,#,C:\python_scripts\temp\invasives.gdb\invasives_pt,sitename,-1,-1;habitat "Habitat" true true false 500 Text 0 0 ,First,#,C:\python_scripts\temp\invasives.gdb\invasives_pt,habitat,-1,-1;canopycover "Canopy Closure" true true false 100 Text 0 0 ,First,#,C:\python_scripts\temp\invasives.gdb\invasives_pt,canopycover,-1,-1;grossareainacres "Gross Area in Acres" true true false 30 Text 0 0 ,First,#,C:\python_scripts\temp\invasives.gdb\invasives_pt,grossareainacres,-1,-1;abundance "Abundance" true true false 50 Text 0 0 ,First,#,C:\python_scripts\temp\invasives.gdb\invasives_pt,abundance,-1,-1;infestedareainacres "Infested Area in Acres" true true false 30 Text 0 0 ,First,#,C:\python_scripts\temp\invasives.gdb\invasives_pt,infestedareainacres,-1,-1;impactedresources "Impacted Resources" true true false 500 Text 0 0 ,First,#,C:\python_scripts\temp\invasives.gdb\invasives_pt,impactedresources,-1,-1;incidence "Damage Severity" true true false 4 Text 0 0 ,First,#,C:\python_scripts\temp\invasives.gdb\invasives_pt,incidence,-1,-1;incidenceunit "Damage Severity Units" true true false 20 Text 0 0 ,First,#,C:\python_scripts\temp\invasives.gdb\invasives_pt,incidenceunit,-1,-1;severity "Disease Impact" true true false 6 Text 0 0 ,First,#,C:\python_scripts\temp\invasives.gdb\invasives_pt,severity,-1,-1;severityunit "Disease Impact Units" true true false 20 Text 0 0 ,First,#,C:\python_scripts\temp\invasives.gdb\invasives_pt,severityunit,-1,-1;disturbance "Disturbance" true true false 100 Text 0 0 ,First,#,C:\python_scripts\temp\invasives.gdb\invasives_pt,disturbance,-1,-1;disturbanceage "Years since Disturbance" true true false 4 Text 0 0 ,First,#,C:\python_scripts\temp\invasives.gdb\invasives_pt,disturbanceage,-1,-1;disturbsev "Disturbance Severity" true true false 30 Text 0 0 ,First,#,C:\python_scripts\temp\invasives.gdb\invasives_pt,disturbsev,-1,-1;percentcover "Percent Invasive Cover" true true false 8 Text 0 0 ,First,#,C:\python_scripts\temp\invasives.gdb\invasives_pt,percentcover,-1,-1;aggressiveness "Aggressiveness" true true false 50 Text 0 0 ,First,#,C:\python_scripts\temp\invasives.gdb\invasives_pt,aggressiveness,-1,-1;hostdamage "Host Damage Severity" true true false 50 Text 0 0 ,First,#,C:\python_scripts\temp\invasives.gdb\invasives_pt,hostdamage,-1,-1;density "Density" true true false 50 Text 0 0 ,First,#,C:\python_scripts\temp\invasives.gdb\invasives_pt,density,-1,-1;txabundance "Damage Severity in Area" true true false 50 Text 0 0 ,First,#,C:\python_scripts\temp\invasives.gdb\invasives_pt,txabundance,-1,-1;txpatchtype "Pattern of Damage" true true false 50 Text 0 0 ,First,#,C:\python_scripts\temp\invasives.gdb\invasives_pt,txpatchtype,-1,-1;visittype "Purpose of Visit" true true false 50 Text 0 0 ,First,#,C:\python_scripts\temp\invasives.gdb\invasives_pt,visittype,-1,-1;studytype "Study Method" true true false 50 Text 0 0 ,First,#,C:\python_scripts\temp\invasives.gdb\invasives_pt,studytype,-1,-1;projectmethod "Method of Detection" true true false 50 Text 0 0 ,First,#,C:\python_scripts\temp\invasives.gdb\invasives_pt,projectmethod,-1,-1;numberobserved "Number of Individuals" true true false 30 Text 0 0 ,First,#,C:\python_scripts\temp\invasives.gdb\invasives_pt,numberobserved,-1,-1;lifestatus "Life Status" true true false 100 Text 0 0 ,First,#,C:\python_scripts\temp\invasives.gdb\invasives_pt,lifestatus,-1,-1;sex "Sex" true true false 8 Text 0 0 ,First,#,C:\python_scripts\temp\invasives.gdb\invasives_pt,sex,-1,-1;maturity "Maturity" true true false 50 Text 0 0 ,First,#,C:\python_scripts\temp\invasives.gdb\invasives_pt,maturity,-1,-1;phenology "Life Stage" true true false 200 Text 0 0 ,First,#,C:\python_scripts\temp\invasives.gdb\invasives_pt,phenology,-1,-1;largestobserved "Approx Size Observed: Largest" true true false 8 Text 0 0 ,First,#,C:\python_scripts\temp\invasives.gdb\invasives_pt,largestobserved,-1,-1;largestobservedunits "Approx Size Observed Units: Largest" true true false 100 Text 0 0 ,First,#,C:\python_scripts\temp\invasives.gdb\invasives_pt,largestobservedunits,-1,-1;smallestobserved "Approx Size Observed: Smallest" true true false 8 Text 0 0 ,First,#,C:\python_scripts\temp\invasives.gdb\invasives_pt,smallestobserved,-1,-1;smallestobservedunits "Approx Size Observed Units: Smallest" true true false 100 Text 0 0 ,First,#,C:\python_scripts\temp\invasives.gdb\invasives_pt,smallestobservedunits,-1,-1;waterbodytype "Water Body Type" true true false 200 Text 0 0 ,First,#,C:\python_scripts\temp\invasives.gdb\invasives_pt,waterbodytype,-1,-1;waterbodyname "Water Body Name" true true false 200 Text 0 0 ,First,#,C:\python_scripts\temp\invasives.gdb\invasives_pt,waterbodyname,-1,-1;downumber "DOW Number" true true false 30 Text 0 0 ,First,#,C:\python_scripts\temp\invasives.gdb\invasives_pt,downumber,-1,-1;stemcount "Stem Count" true true false 50 Text 0 0 ,First,#,C:\python_scripts\temp\invasives.gdb\invasives_pt,stemcount,-1,-1;reference "Reference" true true false 400 Text 0 0 ,First,#,C:\python_scripts\temp\invasives.gdb\invasives_pt,reference,-1,-1;comments "Comments" true true false 1000 Text 0 0 ,First,#,C:\python_scripts\temp\invasives.gdb\invasives_pt,comments,-1,-1;treatment "Treatment" true true false 200 Text 0 0 ,First,#,C:\python_scripts\temp\invasives.gdb\invasives_pt,treatment,-1,-1;latitude_decimal "Latitude" true true false 8 Double 0 0 ,First,#,C:\python_scripts\temp\invasives.gdb\invasives_pt,latitude_decimal,-1,-1;longitude_decimal "Longitude" true true false 8 Double 0 0 ,First,#,C:\python_scripts\temp\invasives.gdb\invasives_pt,longitude_decimal,-1,-1;latlng "Latitude Longitude" true true false 50 Text 0 0 ,First,#,C:\python_scripts\temp\invasives.gdb\invasives_pt,latlng,-1,-1" #</Process>
				<Process ToolSource="c:\program files (x86)\arcgis\desktop10.2\ArcToolbox\Toolboxes\Data Management Tools.tbx\AddIndex" Date="20170208" Time="170408">AddIndex X:\\gisdata\\state\\mn\\invasives_eddmaps\env_invasive_aquatic_obs.gdb\aquatic_invasive_species_observations_pt scientificname apt_scinameIndex NON_UNIQUE NON_ASCENDING</Process>
				<Process ToolSource="c:\program files (x86)\arcgis\desktop10.2\ArcToolbox\Toolboxes\Data Management Tools.tbx\AddIndex" Date="20170208" Time="170411">AddIndex X:\\gisdata\\state\\mn\\invasives_eddmaps\env_invasive_aquatic_obs.gdb\aquatic_invasive_species_observations_pt commonname apt_comnameIndex NON_UNIQUE NON_ASCENDING</Process>
				<Process ToolSource="C:\program files\arcgis\server\ArcToolbox\Toolboxes\Conversion Tools.tbx\FeatureClassToFeatureClass" Date="20170209" Time="235400">FeatureClassToFeatureClass /var/ftp/gdrs_temp/update\us_mn_state_dnr\env_invasive_aquatic_obs\fgdb\env_invasive_aquatic_obs.gdb\aquatic_invasive_species_observations_pt /var/ftp/gdrs_temp/update\us_mn_state_dnr\env_invasive_aquatic_obs\shp aquatic_invasive_species_observations_pt.shp # "id_number "Unique ID Number" true true false 8 Double 0 0 ,First,#,/var/ftp/gdrs_temp/update\us_mn_state_dnr\env_invasive_aquatic_obs\fgdb\env_invasive_aquatic_obs.gdb\aquatic_invasive_species_observations_pt,id_number,-1,-1;subjectnum "Species Number" true true false 8 Double 0 0 ,First,#,/var/ftp/gdrs_temp/update\us_mn_state_dnr\env_invasive_aquatic_obs\fgdb\env_invasive_aquatic_obs.gdb\aquatic_invasive_species_observations_pt,subjectnumber,-1,-1;commonname "Common Name" true true false 60 Text 0 0 ,First,#,/var/ftp/gdrs_temp/update\us_mn_state_dnr\env_invasive_aquatic_obs\fgdb\env_invasive_aquatic_obs.gdb\aquatic_invasive_species_observations_pt,commonname,-1,-1;scientific "Scientific Name" true true false 100 Text 0 0 ,First,#,/var/ftp/gdrs_temp/update\us_mn_state_dnr\env_invasive_aquatic_obs\fgdb\env_invasive_aquatic_obs.gdb\aquatic_invasive_species_observations_pt,scientificname,-1,-1;division "Division" true true false 100 Text 0 0 ,First,#,/var/ftp/gdrs_temp/update\us_mn_state_dnr\env_invasive_aquatic_obs\fgdb\env_invasive_aquatic_obs.gdb\aquatic_invasive_species_observations_pt,division,-1,-1;category1 "Category 1" true true false 100 Text 0 0 ,First,#,/var/ftp/gdrs_temp/update\us_mn_state_dnr\env_invasive_aquatic_obs\fgdb\env_invasive_aquatic_obs.gdb\aquatic_invasive_species_observations_pt,category1,-1,-1;category2 "Category 2" true true false 100 Text 0 0 ,First,#,/var/ftp/gdrs_temp/update\us_mn_state_dnr\env_invasive_aquatic_obs\fgdb\env_invasive_aquatic_obs.gdb\aquatic_invasive_species_observations_pt,category2,-1,-1;observatio "Observation Date" true true false 35 Text 0 0 ,First,#,/var/ftp/gdrs_temp/update\us_mn_state_dnr\env_invasive_aquatic_obs\fgdb\env_invasive_aquatic_obs.gdb\aquatic_invasive_species_observations_pt,observationdate,-1,-1;reporterid "Reporter ID" true true false 8 Double 0 0 ,First,#,/var/ftp/gdrs_temp/update\us_mn_state_dnr\env_invasive_aquatic_obs\fgdb\env_invasive_aquatic_obs.gdb\aquatic_invasive_species_observations_pt,reporterid,-1,-1;reporter "Reporter" true true false 100 Text 0 0 ,First,#,/var/ftp/gdrs_temp/update\us_mn_state_dnr\env_invasive_aquatic_obs\fgdb\env_invasive_aquatic_obs.gdb\aquatic_invasive_species_observations_pt,reporter,-1,-1;srcname "Source Organization" true true false 100 Text 0 0 ,First,#,/var/ftp/gdrs_temp/update\us_mn_state_dnr\env_invasive_aquatic_obs\fgdb\env_invasive_aquatic_obs.gdb\aquatic_invasive_species_observations_pt,srcname,-1,-1;surveyor "Surveyor" true true false 100 Text 0 0 ,First,#,/var/ftp/gdrs_temp/update\us_mn_state_dnr\env_invasive_aquatic_obs\fgdb\env_invasive_aquatic_obs.gdb\aquatic_invasive_species_observations_pt,surveyor,-1,-1;administra "Administrator" true true false 100 Text 0 0 ,First,#,/var/ftp/gdrs_temp/update\us_mn_state_dnr\env_invasive_aquatic_obs\fgdb\env_invasive_aquatic_obs.gdb\aquatic_invasive_species_observations_pt,administrator,-1,-1;unitname "Unit Name" true true false 100 Text 0 0 ,First,#,/var/ftp/gdrs_temp/update\us_mn_state_dnr\env_invasive_aquatic_obs\fgdb\env_invasive_aquatic_obs.gdb\aquatic_invasive_species_observations_pt,unitname,-1,-1;unittype "Unit Type" true true false 100 Text 0 0 ,First,#,/var/ftp/gdrs_temp/update\us_mn_state_dnr\env_invasive_aquatic_obs\fgdb\env_invasive_aquatic_obs.gdb\aquatic_invasive_species_observations_pt,unittype,-1,-1;administ_1 "Administrating Division" true true false 100 Text 0 0 ,First,#,/var/ftp/gdrs_temp/update\us_mn_state_dnr\env_invasive_aquatic_obs\fgdb\env_invasive_aquatic_obs.gdb\aquatic_invasive_species_observations_pt,administratingdivision,-1,-1;datereview "Date Verified" true true false 35 Text 0 0 ,First,#,/var/ftp/gdrs_temp/update\us_mn_state_dnr\env_invasive_aquatic_obs\fgdb\env_invasive_aquatic_obs.gdb\aquatic_invasive_species_observations_pt,datereviewed,-1,-1;reviewer "Verifier" true true false 100 Text 0 0 ,First,#,/var/ftp/gdrs_temp/update\us_mn_state_dnr\env_invasive_aquatic_obs\fgdb\env_invasive_aquatic_obs.gdb\aquatic_invasive_species_observations_pt,reviewer,-1,-1;confidence "Confidence" true true false 50 Text 0 0 ,First,#,/var/ftp/gdrs_temp/update\us_mn_state_dnr\env_invasive_aquatic_obs\fgdb\env_invasive_aquatic_obs.gdb\aquatic_invasive_species_observations_pt,confidence,-1,-1;identifica "Identification Credibility" true true false 100 Text 0 0 ,First,#,/var/ftp/gdrs_temp/update\us_mn_state_dnr\env_invasive_aquatic_obs\fgdb\env_invasive_aquatic_obs.gdb\aquatic_invasive_species_observations_pt,identificationcredibility,-1,-1;reporteraf "Reporter Affiliation" true true false 100 Text 0 0 ,First,#,/var/ftp/gdrs_temp/update\us_mn_state_dnr\env_invasive_aquatic_obs\fgdb\env_invasive_aquatic_obs.gdb\aquatic_invasive_species_observations_pt,reporteraffiliation,-1,-1;reporter_1 "Reporter Affiliation 2" true true false 100 Text 0 0 ,First,#,/var/ftp/gdrs_temp/update\us_mn_state_dnr\env_invasive_aquatic_obs\fgdb\env_invasive_aquatic_obs.gdb\aquatic_invasive_species_observations_pt,reporteraffiliation2,-1,-1;countyfips "StateCounty FIPS" true true false 8 Double 0 0 ,First,#,/var/ftp/gdrs_temp/update\us_mn_state_dnr\env_invasive_aquatic_obs\fgdb\env_invasive_aquatic_obs.gdb\aquatic_invasive_species_observations_pt,countyfips,-1,-1;county "County" true true false 30 Text 0 0 ,First,#,/var/ftp/gdrs_temp/update\us_mn_state_dnr\env_invasive_aquatic_obs\fgdb\env_invasive_aquatic_obs.gdb\aquatic_invasive_species_observations_pt,county,-1,-1;city "City" true true false 30 Text 0 0 ,First,#,/var/ftp/gdrs_temp/update\us_mn_state_dnr\env_invasive_aquatic_obs\fgdb\env_invasive_aquatic_obs.gdb\aquatic_invasive_species_observations_pt,city,-1,-1;locality "Locality Description" true true false 750 Text 0 0 ,First,#,/var/ftp/gdrs_temp/update\us_mn_state_dnr\env_invasive_aquatic_obs\fgdb\env_invasive_aquatic_obs.gdb\aquatic_invasive_species_observations_pt,locality,-1,-1;local_owne "Local Ownership" true true false 100 Text 0 0 ,First,#,/var/ftp/gdrs_temp/update\us_mn_state_dnr\env_invasive_aquatic_obs\fgdb\env_invasive_aquatic_obs.gdb\aquatic_invasive_species_observations_pt,local_ownership,-1,-1;national_o "National Ownership" true true false 100 Text 0 0 ,First,#,/var/ftp/gdrs_temp/update\us_mn_state_dnr\env_invasive_aquatic_obs\fgdb\env_invasive_aquatic_obs.gdb\aquatic_invasive_species_observations_pt,national_ownership,-1,-1;sitename "Site Name" true true false 200 Text 0 0 ,First,#,/var/ftp/gdrs_temp/update\us_mn_state_dnr\env_invasive_aquatic_obs\fgdb\env_invasive_aquatic_obs.gdb\aquatic_invasive_species_observations_pt,sitename,-1,-1;habitat "Habitat" true true false 500 Text 0 0 ,First,#,/var/ftp/gdrs_temp/update\us_mn_state_dnr\env_invasive_aquatic_obs\fgdb\env_invasive_aquatic_obs.gdb\aquatic_invasive_species_observations_pt,habitat,-1,-1;canopycove "Canopy Closure" true true false 100 Text 0 0 ,First,#,/var/ftp/gdrs_temp/update\us_mn_state_dnr\env_invasive_aquatic_obs\fgdb\env_invasive_aquatic_obs.gdb\aquatic_invasive_species_observations_pt,canopycover,-1,-1;grossareai "Gross Area in Acres" true true false 30 Text 0 0 ,First,#,/var/ftp/gdrs_temp/update\us_mn_state_dnr\env_invasive_aquatic_obs\fgdb\env_invasive_aquatic_obs.gdb\aquatic_invasive_species_observations_pt,grossareainacres,-1,-1;abundance "Abundance" true true false 50 Text 0 0 ,First,#,/var/ftp/gdrs_temp/update\us_mn_state_dnr\env_invasive_aquatic_obs\fgdb\env_invasive_aquatic_obs.gdb\aquatic_invasive_species_observations_pt,abundance,-1,-1;infestedar "Infested Area in Acres" true true false 30 Text 0 0 ,First,#,/var/ftp/gdrs_temp/update\us_mn_state_dnr\env_invasive_aquatic_obs\fgdb\env_invasive_aquatic_obs.gdb\aquatic_invasive_species_observations_pt,infestedareainacres,-1,-1;impactedre "Impacted Resources" true true false 500 Text 0 0 ,First,#,/var/ftp/gdrs_temp/update\us_mn_state_dnr\env_invasive_aquatic_obs\fgdb\env_invasive_aquatic_obs.gdb\aquatic_invasive_species_observations_pt,impactedresources,-1,-1;incidence "Damage Severity" true true false 4 Text 0 0 ,First,#,/var/ftp/gdrs_temp/update\us_mn_state_dnr\env_invasive_aquatic_obs\fgdb\env_invasive_aquatic_obs.gdb\aquatic_invasive_species_observations_pt,incidence,-1,-1;incidenceu "Damage Severity Units" true true false 20 Text 0 0 ,First,#,/var/ftp/gdrs_temp/update\us_mn_state_dnr\env_invasive_aquatic_obs\fgdb\env_invasive_aquatic_obs.gdb\aquatic_invasive_species_observations_pt,incidenceunit,-1,-1;severity "Disease Impact" true true false 6 Text 0 0 ,First,#,/var/ftp/gdrs_temp/update\us_mn_state_dnr\env_invasive_aquatic_obs\fgdb\env_invasive_aquatic_obs.gdb\aquatic_invasive_species_observations_pt,severity,-1,-1;severityun "Disease Impact Units" true true false 20 Text 0 0 ,First,#,/var/ftp/gdrs_temp/update\us_mn_state_dnr\env_invasive_aquatic_obs\fgdb\env_invasive_aquatic_obs.gdb\aquatic_invasive_species_observations_pt,severityunit,-1,-1;disturbanc "Disturbance" true true false 100 Text 0 0 ,First,#,/var/ftp/gdrs_temp/update\us_mn_state_dnr\env_invasive_aquatic_obs\fgdb\env_invasive_aquatic_obs.gdb\aquatic_invasive_species_observations_pt,disturbance,-1,-1;disturba_1 "Years since Disturbance" true true false 4 Text 0 0 ,First,#,/var/ftp/gdrs_temp/update\us_mn_state_dnr\env_invasive_aquatic_obs\fgdb\env_invasive_aquatic_obs.gdb\aquatic_invasive_species_observations_pt,disturbanceage,-1,-1;disturbsev "Disturbance Severity" true true false 30 Text 0 0 ,First,#,/var/ftp/gdrs_temp/update\us_mn_state_dnr\env_invasive_aquatic_obs\fgdb\env_invasive_aquatic_obs.gdb\aquatic_invasive_species_observations_pt,disturbsev,-1,-1;percentcov "Percent Invasive Cover" true true false 8 Text 0 0 ,First,#,/var/ftp/gdrs_temp/update\us_mn_state_dnr\env_invasive_aquatic_obs\fgdb\env_invasive_aquatic_obs.gdb\aquatic_invasive_species_observations_pt,percentcover,-1,-1;aggressive "Aggressiveness" true true false 50 Text 0 0 ,First,#,/var/ftp/gdrs_temp/update\us_mn_state_dnr\env_invasive_aquatic_obs\fgdb\env_invasive_aquatic_obs.gdb\aquatic_invasive_species_observations_pt,aggressiveness,-1,-1;hostdamage "Host Damage Severity" true true false 50 Text 0 0 ,First,#,/var/ftp/gdrs_temp/update\us_mn_state_dnr\env_invasive_aquatic_obs\fgdb\env_invasive_aquatic_obs.gdb\aquatic_invasive_species_observations_pt,hostdamage,-1,-1;density "Density" true true false 50 Text 0 0 ,First,#,/var/ftp/gdrs_temp/update\us_mn_state_dnr\env_invasive_aquatic_obs\fgdb\env_invasive_aquatic_obs.gdb\aquatic_invasive_species_observations_pt,density,-1,-1;txabundanc "Damage Severity in Area" true true false 50 Text 0 0 ,First,#,/var/ftp/gdrs_temp/update\us_mn_state_dnr\env_invasive_aquatic_obs\fgdb\env_invasive_aquatic_obs.gdb\aquatic_invasive_species_observations_pt,txabundance,-1,-1;txpatchtyp "Pattern of Damage" true true false 50 Text 0 0 ,First,#,/var/ftp/gdrs_temp/update\us_mn_state_dnr\env_invasive_aquatic_obs\fgdb\env_invasive_aquatic_obs.gdb\aquatic_invasive_species_observations_pt,txpatchtype,-1,-1;visittype "Purpose of Visit" true true false 50 Text 0 0 ,First,#,/var/ftp/gdrs_temp/update\us_mn_state_dnr\env_invasive_aquatic_obs\fgdb\env_invasive_aquatic_obs.gdb\aquatic_invasive_species_observations_pt,visittype,-1,-1;studytype "Study Method" true true false 50 Text 0 0 ,First,#,/var/ftp/gdrs_temp/update\us_mn_state_dnr\env_invasive_aquatic_obs\fgdb\env_invasive_aquatic_obs.gdb\aquatic_invasive_species_observations_pt,studytype,-1,-1;projectmet "Method of Detection" true true false 50 Text 0 0 ,First,#,/var/ftp/gdrs_temp/update\us_mn_state_dnr\env_invasive_aquatic_obs\fgdb\env_invasive_aquatic_obs.gdb\aquatic_invasive_species_observations_pt,projectmethod,-1,-1;numberobse "Number of Individuals" true true false 30 Text 0 0 ,First,#,/var/ftp/gdrs_temp/update\us_mn_state_dnr\env_invasive_aquatic_obs\fgdb\env_invasive_aquatic_obs.gdb\aquatic_invasive_species_observations_pt,numberobserved,-1,-1;lifestatus "Life Status" true true false 100 Text 0 0 ,First,#,/var/ftp/gdrs_temp/update\us_mn_state_dnr\env_invasive_aquatic_obs\fgdb\env_invasive_aquatic_obs.gdb\aquatic_invasive_species_observations_pt,lifestatus,-1,-1;sex "Sex" true true false 8 Text 0 0 ,First,#,/var/ftp/gdrs_temp/update\us_mn_state_dnr\env_invasive_aquatic_obs\fgdb\env_invasive_aquatic_obs.gdb\aquatic_invasive_species_observations_pt,sex,-1,-1;maturity "Maturity" true true false 50 Text 0 0 ,First,#,/var/ftp/gdrs_temp/update\us_mn_state_dnr\env_invasive_aquatic_obs\fgdb\env_invasive_aquatic_obs.gdb\aquatic_invasive_species_observations_pt,maturity,-1,-1;phenology "Life Stage" true true false 200 Text 0 0 ,First,#,/var/ftp/gdrs_temp/update\us_mn_state_dnr\env_invasive_aquatic_obs\fgdb\env_invasive_aquatic_obs.gdb\aquatic_invasive_species_observations_pt,phenology,-1,-1;largestobs "Approx Size Observed: Largest" true true false 8 Text 0 0 ,First,#,/var/ftp/gdrs_temp/update\us_mn_state_dnr\env_invasive_aquatic_obs\fgdb\env_invasive_aquatic_obs.gdb\aquatic_invasive_species_observations_pt,largestobserved,-1,-1;largesto_1 "Approx Size Observed Units: Largest" true true false 100 Text 0 0 ,First,#,/var/ftp/gdrs_temp/update\us_mn_state_dnr\env_invasive_aquatic_obs\fgdb\env_invasive_aquatic_obs.gdb\aquatic_invasive_species_observations_pt,largestobservedunits,-1,-1;smallestob "Approx Size Observed: Smallest" true true false 8 Text 0 0 ,First,#,/var/ftp/gdrs_temp/update\us_mn_state_dnr\env_invasive_aquatic_obs\fgdb\env_invasive_aquatic_obs.gdb\aquatic_invasive_species_observations_pt,smallestobserved,-1,-1;smallest_1 "Approx Size Observed Units: Smallest" true true false 100 Text 0 0 ,First,#,/var/ftp/gdrs_temp/update\us_mn_state_dnr\env_invasive_aquatic_obs\fgdb\env_invasive_aquatic_obs.gdb\aquatic_invasive_species_observations_pt,smallestobservedunits,-1,-1;waterbodyt "Water Body Type" true true false 200 Text 0 0 ,First,#,/var/ftp/gdrs_temp/update\us_mn_state_dnr\env_invasive_aquatic_obs\fgdb\env_invasive_aquatic_obs.gdb\aquatic_invasive_species_observations_pt,waterbodytype,-1,-1;waterbodyn "Water Body Name" true true false 200 Text 0 0 ,First,#,/var/ftp/gdrs_temp/update\us_mn_state_dnr\env_invasive_aquatic_obs\fgdb\env_invasive_aquatic_obs.gdb\aquatic_invasive_species_observations_pt,waterbodyname,-1,-1;downumber "DOW Number" true true false 30 Text 0 0 ,First,#,/var/ftp/gdrs_temp/update\us_mn_state_dnr\env_invasive_aquatic_obs\fgdb\env_invasive_aquatic_obs.gdb\aquatic_invasive_species_observations_pt,downumber,-1,-1;stemcount "Stem Count" true true false 50 Text 0 0 ,First,#,/var/ftp/gdrs_temp/update\us_mn_state_dnr\env_invasive_aquatic_obs\fgdb\env_invasive_aquatic_obs.gdb\aquatic_invasive_species_observations_pt,stemcount,-1,-1;reference "Reference" true true false 400 Text 0 0 ,First,#,/var/ftp/gdrs_temp/update\us_mn_state_dnr\env_invasive_aquatic_obs\fgdb\env_invasive_aquatic_obs.gdb\aquatic_invasive_species_observations_pt,reference,-1,-1;comments "Comments" true true false 1000 Text 0 0 ,First,#,/var/ftp/gdrs_temp/update\us_mn_state_dnr\env_invasive_aquatic_obs\fgdb\env_invasive_aquatic_obs.gdb\aquatic_invasive_species_observations_pt,comments,-1,-1;treatment "Treatment" true true false 200 Text 0 0 ,First,#,/var/ftp/gdrs_temp/update\us_mn_state_dnr\env_invasive_aquatic_obs\fgdb\env_invasive_aquatic_obs.gdb\aquatic_invasive_species_observations_pt,treatment,-1,-1;latitude_d "Latitude" true true false 8 Double 0 0 ,First,#,/var/ftp/gdrs_temp/update\us_mn_state_dnr\env_invasive_aquatic_obs\fgdb\env_invasive_aquatic_obs.gdb\aquatic_invasive_species_observations_pt,latitude_decimal,-1,-1;longitude_ "Longitude" true true false 8 Double 0 0 ,First,#,/var/ftp/gdrs_temp/update\us_mn_state_dnr\env_invasive_aquatic_obs\fgdb\env_invasive_aquatic_obs.gdb\aquatic_invasive_species_observations_pt,longitude_decimal,-1,-1;latlng "Latitude Longitude" true true false 50 Text 0 0 ,First,#,/var/ftp/gdrs_temp/update\us_mn_state_dnr\env_invasive_aquatic_obs\fgdb\env_invasive_aquatic_obs.gdb\aquatic_invasive_species_observations_pt,latlng,-1,-1" #</Process>
			</lineage>
			<itemProps>
				<itemName Sync="TRUE">aquatic_invasive_species_observations_pt</itemName>
				<imsContentType Sync="TRUE">002</imsContentType>
				<itemLocation>
					<linkage Sync="TRUE">file://\\g46palgdrftp001\Z\var\ftp\gdrs_temp\update\us_mn_state_dnr\env_invasive_aquatic_obs\shp\aquatic_invasive_species_observations_pt.shp</linkage>
					<protocol Sync="TRUE">Local Area Network</protocol>
				</itemLocation>
				<itemSize Sync="TRUE">0.000</itemSize>
			</itemProps>
			<coordRef>
				<type Sync="TRUE">Projected</type>
				<geogcsn Sync="TRUE">GCS_North_American_1983</geogcsn>
				<csUnits Sync="TRUE">Linear Unit: Meter (1.000000)</csUnits>
				<projcsn Sync="TRUE">NAD_1983_UTM_Zone_15N</projcsn>
				<peXml Sync="TRUE">&lt;ProjectedCoordinateSystem xsi:type='typens:ProjectedCoordinateSystem' xmlns:xsi='http://www.w3.org/2001/XMLSchema-instance' xmlns:xs='http://www.w3.org/2001/XMLSchema' xmlns:typens='http://www.esri.com/schemas/ArcGIS/10.4'&gt;&lt;WKT&gt;PROJCS[&amp;quot;NAD_1983_UTM_Zone_15N&amp;quot;,GEOGCS[&amp;quot;GCS_North_American_1983&amp;quot;,DATUM[&amp;quot;D_North_American_1983&amp;quot;,SPHEROID[&amp;quot;GRS_1980&amp;quot;,6378137.0,298.257222101]],PRIMEM[&amp;quot;Greenwich&amp;quot;,0.0],UNIT[&amp;quot;Degree&amp;quot;,0.0174532925199433]],PROJECTION[&amp;quot;Transverse_Mercator&amp;quot;],PARAMETER[&amp;quot;False_Easting&amp;quot;,500000.0],PARAMETER[&amp;quot;False_Northing&amp;quot;,0.0],PARAMETER[&amp;quot;Central_Meridian&amp;quot;,-93.0],PARAMETER[&amp;quot;Scale_Factor&amp;quot;,0.9996],PARAMETER[&amp;quot;Latitude_Of_Origin&amp;quot;,0.0],UNIT[&amp;quot;Meter&amp;quot;,1.0],AUTHORITY[&amp;quot;EPSG&amp;quot;,26915]]&lt;/WKT&gt;&lt;XOrigin&gt;-5120900&lt;/XOrigin&gt;&lt;YOrigin&gt;-9998100&lt;/YOrigin&gt;&lt;XYScale&gt;450445547.3910538&lt;/XYScale&gt;&lt;ZOrigin&gt;-100000&lt;/ZOrigin&gt;&lt;ZScale&gt;10000&lt;/ZScale&gt;&lt;MOrigin&gt;-100000&lt;/MOrigin&gt;&lt;MScale&gt;10000&lt;/MScale&gt;&lt;XYTolerance&gt;0.001&lt;/XYTolerance&gt;&lt;ZTolerance&gt;0.001&lt;/ZTolerance&gt;&lt;MTolerance&gt;0.001&lt;/MTolerance&gt;&lt;HighPrecision&gt;true&lt;/HighPrecision&gt;&lt;WKID&gt;26915&lt;/WKID&gt;&lt;LatestWKID&gt;26915&lt;/LatestWKID&gt;&lt;/ProjectedCoordinateSystem&gt;</peXml>
			</coordRef>
		</DataProperties>
		<SyncDate>20170209</SyncDate>
		<SyncTime>23535200</SyncTime>
		<ModDate>20170209</ModDate>
		<ModTime>23535200</ModTime>
	</Esri>
	<dataIdInfo>
		<envirDesc Sync="TRUE">Microsoft Windows XP Professional x64 Edition Version 5.2 (Build 3790) Service Pack 2; Esri ArcGIS 10.4.1.5686</envirDesc>
		<dataLang>
			<languageCode value="en" Sync="TRUE"/>
			<countryCode value="US" Sync="TRUE"/>
		</dataLang>
		<idCitation>
			<resTitle Sync="TRUE">aquatic_invasive_species_observations_pt</resTitle>
			<presForm>
				<PresFormCd value="005" Sync="TRUE"/>
			</presForm>
		</idCitation>
		<spatRpType>
			<SpatRepTypCd value="001" Sync="TRUE"/>
		</spatRpType>
	</dataIdInfo>
	<mdLang>
		<languageCode value="en" Sync="TRUE"/>
		<countryCode value="US" Sync="TRUE"/>
	</mdLang>
	<distInfo>
		<distFormat>
			<formatName Sync="TRUE">Shapefile</formatName>
		</distFormat>
		<distTranOps>
			<transSize Sync="TRUE">0.000</transSize>
		</distTranOps>
	</distInfo>
	<mdHrLv>
		<ScopeCd value="005" Sync="TRUE"/>
	</mdHrLv>
	<mdHrLvName Sync="TRUE">dataset</mdHrLvName>
	<refSysInfo>
		<RefSystem>
			<refSysID>
				<identCode code="26915" Sync="TRUE"/>
				<idCodeSpace Sync="TRUE">EPSG</idCodeSpace>
				<idVersion Sync="TRUE">6.13(3.0.1)</idVersion>
			</refSysID>
		</RefSystem>
	</refSysInfo>
	<spatRepInfo>
		<VectSpatRep>
			<geometObjs Name="aquatic_invasive_species_observations_pt">
				<geoObjTyp>
					<GeoObjTypCd value="004" Sync="TRUE"/>
				</geoObjTyp>
				<geoObjCnt Sync="TRUE">0</geoObjCnt>
			</geometObjs>
			<topLvl>
				<TopoLevCd value="001" Sync="TRUE"/>
			</topLvl>
		</VectSpatRep>
	</spatRepInfo>
	<spdoinfo>
		<ptvctinf>
			<esriterm Name="aquatic_invasive_species_observations_pt">
				<efeatyp Sync="TRUE">Simple</efeatyp>
				<efeageom code="1" Sync="TRUE"/>
				<esritopo Sync="TRUE">FALSE</esritopo>
				<efeacnt Sync="TRUE">0</efeacnt>
				<spindex Sync="TRUE">FALSE</spindex>
				<linrefer Sync="TRUE">FALSE</linrefer>
			</esriterm>
		</ptvctinf>
	</spdoinfo>
	<eainfo>
		<detailed Name="aquatic_invasive_species_observations_pt">
			<enttyp>
				<enttypl Sync="TRUE">aquatic_invasive_species_observations_pt</enttypl>
				<enttypt Sync="TRUE">Feature Class</enttypt>
				<enttypc Sync="TRUE">0</enttypc>
			</enttyp>
			<attr>
				<attrlabl Sync="TRUE">FID</attrlabl>
				<attalias Sync="TRUE">FID</attalias>
				<attrtype Sync="TRUE">OID</attrtype>
				<attwidth Sync="TRUE">4</attwidth>
				<atprecis Sync="TRUE">0</atprecis>
				<attscale Sync="TRUE">0</attscale>
				<attrdef Sync="TRUE">Internal feature number.</attrdef>
				<attrdefs Sync="TRUE">Esri</attrdefs>
				<attrdomv>
					<udom Sync="TRUE">Sequential unique whole numbers that are automatically generated.</udom>
				</attrdomv>
			</attr>
			<attr>
				<attrlabl Sync="TRUE">Shape</attrlabl>
				<attalias Sync="TRUE">Shape</attalias>
				<attrtype Sync="TRUE">Geometry</attrtype>
				<attwidth Sync="TRUE">0</attwidth>
				<atprecis Sync="TRUE">0</atprecis>
				<attscale Sync="TRUE">0</attscale>
				<attrdef Sync="TRUE">Feature geometry.</attrdef>
				<attrdefs Sync="TRUE">Esri</attrdefs>
				<attrdomv>
					<udom Sync="TRUE">Coordinates defining the features.</udom>
				</attrdomv>
			</attr>
			<attr>
				<attrlabl Sync="TRUE">id_number</attrlabl>
				<attalias Sync="TRUE">id_number</attalias>
				<attrtype Sync="TRUE">Double</attrtype>
				<attwidth Sync="TRUE">19</attwidth>
				<atprecis Sync="TRUE">0</atprecis>
				<attscale Sync="TRUE">0</attscale>
			</attr>
			<attr>
				<attrlabl Sync="TRUE">subjectnum</attrlabl>
				<attalias Sync="TRUE">subjectnum</attalias>
				<attrtype Sync="TRUE">Double</attrtype>
				<attwidth Sync="TRUE">19</attwidth>
				<atprecis Sync="TRUE">0</atprecis>
				<attscale Sync="TRUE">0</attscale>
			</attr>
			<attr>
				<attrlabl Sync="TRUE">commonname</attrlabl>
				<attalias Sync="TRUE">commonname</attalias>
				<attrtype Sync="TRUE">String</attrtype>
				<attwidth Sync="TRUE">60</attwidth>
				<atprecis Sync="TRUE">0</atprecis>
				<attscale Sync="TRUE">0</attscale>
			</attr>
			<attr>
				<attrlabl Sync="TRUE">scientific</attrlabl>
				<attalias Sync="TRUE">scientific</attalias>
				<attrtype Sync="TRUE">String</attrtype>
				<attwidth Sync="TRUE">100</attwidth>
				<atprecis Sync="TRUE">0</atprecis>
				<attscale Sync="TRUE">0</attscale>
			</attr>
			<attr>
				<attrlabl Sync="TRUE">division</attrlabl>
				<attalias Sync="TRUE">division</attalias>
				<attrtype Sync="TRUE">String</attrtype>
				<attwidth Sync="TRUE">100</attwidth>
				<atprecis Sync="TRUE">0</atprecis>
				<attscale Sync="TRUE">0</attscale>
			</attr>
			<attr>
				<attrlabl Sync="TRUE">category1</attrlabl>
				<attalias Sync="TRUE">category1</attalias>
				<attrtype Sync="TRUE">String</attrtype>
				<attwidth Sync="TRUE">100</attwidth>
				<atprecis Sync="TRUE">0</atprecis>
				<attscale Sync="TRUE">0</attscale>
			</attr>
			<attr>
				<attrlabl Sync="TRUE">category2</attrlabl>
				<attalias Sync="TRUE">category2</attalias>
				<attrtype Sync="TRUE">String</attrtype>
				<attwidth Sync="TRUE">100</attwidth>
				<atprecis Sync="TRUE">0</atprecis>
				<attscale Sync="TRUE">0</attscale>
			</attr>
			<attr>
				<attrlabl Sync="TRUE">observatio</attrlabl>
				<attalias Sync="TRUE">observatio</attalias>
				<attrtype Sync="TRUE">String</attrtype>
				<attwidth Sync="TRUE">35</attwidth>
				<atprecis Sync="TRUE">0</atprecis>
				<attscale Sync="TRUE">0</attscale>
			</attr>
			<attr>
				<attrlabl Sync="TRUE">reporterid</attrlabl>
				<attalias Sync="TRUE">reporterid</attalias>
				<attrtype Sync="TRUE">Double</attrtype>
				<attwidth Sync="TRUE">19</attwidth>
				<atprecis Sync="TRUE">0</atprecis>
				<attscale Sync="TRUE">0</attscale>
			</attr>
			<attr>
				<attrlabl Sync="TRUE">reporter</attrlabl>
				<attalias Sync="TRUE">reporter</attalias>
				<attrtype Sync="TRUE">String</attrtype>
				<attwidth Sync="TRUE">100</attwidth>
				<atprecis Sync="TRUE">0</atprecis>
				<attscale Sync="TRUE">0</attscale>
			</attr>
			<attr>
				<attrlabl Sync="TRUE">srcname</attrlabl>
				<attalias Sync="TRUE">srcname</attalias>
				<attrtype Sync="TRUE">String</attrtype>
				<attwidth Sync="TRUE">100</attwidth>
				<atprecis Sync="TRUE">0</atprecis>
				<attscale Sync="TRUE">0</attscale>
			</attr>
			<attr>
				<attrlabl Sync="TRUE">surveyor</attrlabl>
				<attalias Sync="TRUE">surveyor</attalias>
				<attrtype Sync="TRUE">String</attrtype>
				<attwidth Sync="TRUE">100</attwidth>
				<atprecis Sync="TRUE">0</atprecis>
				<attscale Sync="TRUE">0</attscale>
			</attr>
			<attr>
				<attrlabl Sync="TRUE">administra</attrlabl>
				<attalias Sync="TRUE">administra</attalias>
				<attrtype Sync="TRUE">String</attrtype>
				<attwidth Sync="TRUE">100</attwidth>
				<atprecis Sync="TRUE">0</atprecis>
				<attscale Sync="TRUE">0</attscale>
			</attr>
			<attr>
				<attrlabl Sync="TRUE">unitname</attrlabl>
				<attalias Sync="TRUE">unitname</attalias>
				<attrtype Sync="TRUE">String</attrtype>
				<attwidth Sync="TRUE">100</attwidth>
				<atprecis Sync="TRUE">0</atprecis>
				<attscale Sync="TRUE">0</attscale>
			</attr>
			<attr>
				<attrlabl Sync="TRUE">unittype</attrlabl>
				<attalias Sync="TRUE">unittype</attalias>
				<attrtype Sync="TRUE">String</attrtype>
				<attwidth Sync="TRUE">100</attwidth>
				<atprecis Sync="TRUE">0</atprecis>
				<attscale Sync="TRUE">0</attscale>
			</attr>
			<attr>
				<attrlabl Sync="TRUE">administ_1</attrlabl>
				<attalias Sync="TRUE">administ_1</attalias>
				<attrtype Sync="TRUE">String</attrtype>
				<attwidth Sync="TRUE">100</attwidth>
				<atprecis Sync="TRUE">0</atprecis>
				<attscale Sync="TRUE">0</attscale>
			</attr>
			<attr>
				<attrlabl Sync="TRUE">datereview</attrlabl>
				<attalias Sync="TRUE">datereview</attalias>
				<attrtype Sync="TRUE">String</attrtype>
				<attwidth Sync="TRUE">35</attwidth>
				<atprecis Sync="TRUE">0</atprecis>
				<attscale Sync="TRUE">0</attscale>
			</attr>
			<attr>
				<attrlabl Sync="TRUE">reviewer</attrlabl>
				<attalias Sync="TRUE">reviewer</attalias>
				<attrtype Sync="TRUE">String</attrtype>
				<attwidth Sync="TRUE">100</attwidth>
				<atprecis Sync="TRUE">0</atprecis>
				<attscale Sync="TRUE">0</attscale>
			</attr>
			<attr>
				<attrlabl Sync="TRUE">confidence</attrlabl>
				<attalias Sync="TRUE">confidence</attalias>
				<attrtype Sync="TRUE">String</attrtype>
				<attwidth Sync="TRUE">50</attwidth>
				<atprecis Sync="TRUE">0</atprecis>
				<attscale Sync="TRUE">0</attscale>
			</attr>
			<attr>
				<attrlabl Sync="TRUE">identifica</attrlabl>
				<attalias Sync="TRUE">identifica</attalias>
				<attrtype Sync="TRUE">String</attrtype>
				<attwidth Sync="TRUE">100</attwidth>
				<atprecis Sync="TRUE">0</atprecis>
				<attscale Sync="TRUE">0</attscale>
			</attr>
			<attr>
				<attrlabl Sync="TRUE">reporteraf</attrlabl>
				<attalias Sync="TRUE">reporteraf</attalias>
				<attrtype Sync="TRUE">String</attrtype>
				<attwidth Sync="TRUE">100</attwidth>
				<atprecis Sync="TRUE">0</atprecis>
				<attscale Sync="TRUE">0</attscale>
			</attr>
			<attr>
				<attrlabl Sync="TRUE">reporter_1</attrlabl>
				<attalias Sync="TRUE">reporter_1</attalias>
				<attrtype Sync="TRUE">String</attrtype>
				<attwidth Sync="TRUE">100</attwidth>
				<atprecis Sync="TRUE">0</atprecis>
				<attscale Sync="TRUE">0</attscale>
			</attr>
			<attr>
				<attrlabl Sync="TRUE">countyfips</attrlabl>
				<attalias Sync="TRUE">countyfips</attalias>
				<attrtype Sync="TRUE">Double</attrtype>
				<attwidth Sync="TRUE">19</attwidth>
				<atprecis Sync="TRUE">0</atprecis>
				<attscale Sync="TRUE">0</attscale>
			</attr>
			<attr>
				<attrlabl Sync="TRUE">county</attrlabl>
				<attalias Sync="TRUE">county</attalias>
				<attrtype Sync="TRUE">String</attrtype>
				<attwidth Sync="TRUE">30</attwidth>
				<atprecis Sync="TRUE">0</atprecis>
				<attscale Sync="TRUE">0</attscale>
			</attr>
			<attr>
				<attrlabl Sync="TRUE">city</attrlabl>
				<attalias Sync="TRUE">city</attalias>
				<attrtype Sync="TRUE">String</attrtype>
				<attwidth Sync="TRUE">30</attwidth>
				<atprecis Sync="TRUE">0</atprecis>
				<attscale Sync="TRUE">0</attscale>
			</attr>
			<attr>
				<attrlabl Sync="TRUE">locality</attrlabl>
				<attalias Sync="TRUE">locality</attalias>
				<attrtype Sync="TRUE">String</attrtype>
				<attwidth Sync="TRUE">254</attwidth>
				<atprecis Sync="TRUE">0</atprecis>
				<attscale Sync="TRUE">0</attscale>
			</attr>
			<attr>
				<attrlabl Sync="TRUE">local_owne</attrlabl>
				<attalias Sync="TRUE">local_owne</attalias>
				<attrtype Sync="TRUE">String</attrtype>
				<attwidth Sync="TRUE">100</attwidth>
				<atprecis Sync="TRUE">0</atprecis>
				<attscale Sync="TRUE">0</attscale>
			</attr>
			<attr>
				<attrlabl Sync="TRUE">national_o</attrlabl>
				<attalias Sync="TRUE">national_o</attalias>
				<attrtype Sync="TRUE">String</attrtype>
				<attwidth Sync="TRUE">100</attwidth>
				<atprecis Sync="TRUE">0</atprecis>
				<attscale Sync="TRUE">0</attscale>
			</attr>
			<attr>
				<attrlabl Sync="TRUE">sitename</attrlabl>
				<attalias Sync="TRUE">sitename</attalias>
				<attrtype Sync="TRUE">String</attrtype>
				<attwidth Sync="TRUE">200</attwidth>
				<atprecis Sync="TRUE">0</atprecis>
				<attscale Sync="TRUE">0</attscale>
			</attr>
			<attr>
				<attrlabl Sync="TRUE">habitat</attrlabl>
				<attalias Sync="TRUE">habitat</attalias>
				<attrtype Sync="TRUE">String</attrtype>
				<attwidth Sync="TRUE">254</attwidth>
				<atprecis Sync="TRUE">0</atprecis>
				<attscale Sync="TRUE">0</attscale>
			</attr>
			<attr>
				<attrlabl Sync="TRUE">canopycove</attrlabl>
				<attalias Sync="TRUE">canopycove</attalias>
				<attrtype Sync="TRUE">String</attrtype>
				<attwidth Sync="TRUE">100</attwidth>
				<atprecis Sync="TRUE">0</atprecis>
				<attscale Sync="TRUE">0</attscale>
			</attr>
			<attr>
				<attrlabl Sync="TRUE">grossareai</attrlabl>
				<attalias Sync="TRUE">grossareai</attalias>
				<attrtype Sync="TRUE">String</attrtype>
				<attwidth Sync="TRUE">30</attwidth>
				<atprecis Sync="TRUE">0</atprecis>
				<attscale Sync="TRUE">0</attscale>
			</attr>
			<attr>
				<attrlabl Sync="TRUE">abundance</attrlabl>
				<attalias Sync="TRUE">abundance</attalias>
				<attrtype Sync="TRUE">String</attrtype>
				<attwidth Sync="TRUE">50</attwidth>
				<atprecis Sync="TRUE">0</atprecis>
				<attscale Sync="TRUE">0</attscale>
			</attr>
			<attr>
				<attrlabl Sync="TRUE">infestedar</attrlabl>
				<attalias Sync="TRUE">infestedar</attalias>
				<attrtype Sync="TRUE">String</attrtype>
				<attwidth Sync="TRUE">30</attwidth>
				<atprecis Sync="TRUE">0</atprecis>
				<attscale Sync="TRUE">0</attscale>
			</attr>
			<attr>
				<attrlabl Sync="TRUE">impactedre</attrlabl>
				<attalias Sync="TRUE">impactedre</attalias>
				<attrtype Sync="TRUE">String</attrtype>
				<attwidth Sync="TRUE">254</attwidth>
				<atprecis Sync="TRUE">0</atprecis>
				<attscale Sync="TRUE">0</attscale>
			</attr>
			<attr>
				<attrlabl Sync="TRUE">incidence</attrlabl>
				<attalias Sync="TRUE">incidence</attalias>
				<attrtype Sync="TRUE">String</attrtype>
				<attwidth Sync="TRUE">4</attwidth>
				<atprecis Sync="TRUE">0</atprecis>
				<attscale Sync="TRUE">0</attscale>
			</attr>
			<attr>
				<attrlabl Sync="TRUE">incidenceu</attrlabl>
				<attalias Sync="TRUE">incidenceu</attalias>
				<attrtype Sync="TRUE">String</attrtype>
				<attwidth Sync="TRUE">20</attwidth>
				<atprecis Sync="TRUE">0</atprecis>
				<attscale Sync="TRUE">0</attscale>
			</attr>
			<attr>
				<attrlabl Sync="TRUE">severity</attrlabl>
				<attalias Sync="TRUE">severity</attalias>
				<attrtype Sync="TRUE">String</attrtype>
				<attwidth Sync="TRUE">6</attwidth>
				<atprecis Sync="TRUE">0</atprecis>
				<attscale Sync="TRUE">0</attscale>
			</attr>
			<attr>
				<attrlabl Sync="TRUE">severityun</attrlabl>
				<attalias Sync="TRUE">severityun</attalias>
				<attrtype Sync="TRUE">String</attrtype>
				<attwidth Sync="TRUE">20</attwidth>
				<atprecis Sync="TRUE">0</atprecis>
				<attscale Sync="TRUE">0</attscale>
			</attr>
			<attr>
				<attrlabl Sync="TRUE">disturbanc</attrlabl>
				<attalias Sync="TRUE">disturbanc</attalias>
				<attrtype Sync="TRUE">String</attrtype>
				<attwidth Sync="TRUE">100</attwidth>
				<atprecis Sync="TRUE">0</atprecis>
				<attscale Sync="TRUE">0</attscale>
			</attr>
			<attr>
				<attrlabl Sync="TRUE">disturba_1</attrlabl>
				<attalias Sync="TRUE">disturba_1</attalias>
				<attrtype Sync="TRUE">String</attrtype>
				<attwidth Sync="TRUE">4</attwidth>
				<atprecis Sync="TRUE">0</atprecis>
				<attscale Sync="TRUE">0</attscale>
			</attr>
			<attr>
				<attrlabl Sync="TRUE">disturbsev</attrlabl>
				<attalias Sync="TRUE">disturbsev</attalias>
				<attrtype Sync="TRUE">String</attrtype>
				<attwidth Sync="TRUE">30</attwidth>
				<atprecis Sync="TRUE">0</atprecis>
				<attscale Sync="TRUE">0</attscale>
			</attr>
			<attr>
				<attrlabl Sync="TRUE">percentcov</attrlabl>
				<attalias Sync="TRUE">percentcov</attalias>
				<attrtype Sync="TRUE">String</attrtype>
				<attwidth Sync="TRUE">8</attwidth>
				<atprecis Sync="TRUE">0</atprecis>
				<attscale Sync="TRUE">0</attscale>
			</attr>
			<attr>
				<attrlabl Sync="TRUE">aggressive</attrlabl>
				<attalias Sync="TRUE">aggressive</attalias>
				<attrtype Sync="TRUE">String</attrtype>
				<attwidth Sync="TRUE">50</attwidth>
				<atprecis Sync="TRUE">0</atprecis>
				<attscale Sync="TRUE">0</attscale>
			</attr>
			<attr>
				<attrlabl Sync="TRUE">hostdamage</attrlabl>
				<attalias Sync="TRUE">hostdamage</attalias>
				<attrtype Sync="TRUE">String</attrtype>
				<attwidth Sync="TRUE">50</attwidth>
				<atprecis Sync="TRUE">0</atprecis>
				<attscale Sync="TRUE">0</attscale>
			</attr>
			<attr>
				<attrlabl Sync="TRUE">density</attrlabl>
				<attalias Sync="TRUE">density</attalias>
				<attrtype Sync="TRUE">String</attrtype>
				<attwidth Sync="TRUE">50</attwidth>
				<atprecis Sync="TRUE">0</atprecis>
				<attscale Sync="TRUE">0</attscale>
			</attr>
			<attr>
				<attrlabl Sync="TRUE">txabundanc</attrlabl>
				<attalias Sync="TRUE">txabundanc</attalias>
				<attrtype Sync="TRUE">String</attrtype>
				<attwidth Sync="TRUE">50</attwidth>
				<atprecis Sync="TRUE">0</atprecis>
				<attscale Sync="TRUE">0</attscale>
			</attr>
			<attr>
				<attrlabl Sync="TRUE">txpatchtyp</attrlabl>
				<attalias Sync="TRUE">txpatchtyp</attalias>
				<attrtype Sync="TRUE">String</attrtype>
				<attwidth Sync="TRUE">50</attwidth>
				<atprecis Sync="TRUE">0</atprecis>
				<attscale Sync="TRUE">0</attscale>
			</attr>
			<attr>
				<attrlabl Sync="TRUE">visittype</attrlabl>
				<attalias Sync="TRUE">visittype</attalias>
				<attrtype Sync="TRUE">String</attrtype>
				<attwidth Sync="TRUE">50</attwidth>
				<atprecis Sync="TRUE">0</atprecis>
				<attscale Sync="TRUE">0</attscale>
			</attr>
			<attr>
				<attrlabl Sync="TRUE">studytype</attrlabl>
				<attalias Sync="TRUE">studytype</attalias>
				<attrtype Sync="TRUE">String</attrtype>
				<attwidth Sync="TRUE">50</attwidth>
				<atprecis Sync="TRUE">0</atprecis>
				<attscale Sync="TRUE">0</attscale>
			</attr>
			<attr>
				<attrlabl Sync="TRUE">projectmet</attrlabl>
				<attalias Sync="TRUE">projectmet</attalias>
				<attrtype Sync="TRUE">String</attrtype>
				<attwidth Sync="TRUE">50</attwidth>
				<atprecis Sync="TRUE">0</atprecis>
				<attscale Sync="TRUE">0</attscale>
			</attr>
			<attr>
				<attrlabl Sync="TRUE">numberobse</attrlabl>
				<attalias Sync="TRUE">numberobse</attalias>
				<attrtype Sync="TRUE">String</attrtype>
				<attwidth Sync="TRUE">30</attwidth>
				<atprecis Sync="TRUE">0</atprecis>
				<attscale Sync="TRUE">0</attscale>
			</attr>
			<attr>
				<attrlabl Sync="TRUE">lifestatus</attrlabl>
				<attalias Sync="TRUE">lifestatus</attalias>
				<attrtype Sync="TRUE">String</attrtype>
				<attwidth Sync="TRUE">100</attwidth>
				<atprecis Sync="TRUE">0</atprecis>
				<attscale Sync="TRUE">0</attscale>
			</attr>
			<attr>
				<attrlabl Sync="TRUE">sex</attrlabl>
				<attalias Sync="TRUE">sex</attalias>
				<attrtype Sync="TRUE">String</attrtype>
				<attwidth Sync="TRUE">8</attwidth>
				<atprecis Sync="TRUE">0</atprecis>
				<attscale Sync="TRUE">0</attscale>
			</attr>
			<attr>
				<attrlabl Sync="TRUE">maturity</attrlabl>
				<attalias Sync="TRUE">maturity</attalias>
				<attrtype Sync="TRUE">String</attrtype>
				<attwidth Sync="TRUE">50</attwidth>
				<atprecis Sync="TRUE">0</atprecis>
				<attscale Sync="TRUE">0</attscale>
			</attr>
			<attr>
				<attrlabl Sync="TRUE">phenology</attrlabl>
				<attalias Sync="TRUE">phenology</attalias>
				<attrtype Sync="TRUE">String</attrtype>
				<attwidth Sync="TRUE">200</attwidth>
				<atprecis Sync="TRUE">0</atprecis>
				<attscale Sync="TRUE">0</attscale>
			</attr>
			<attr>
				<attrlabl Sync="TRUE">largestobs</attrlabl>
				<attalias Sync="TRUE">largestobs</attalias>
				<attrtype Sync="TRUE">String</attrtype>
				<attwidth Sync="TRUE">8</attwidth>
				<atprecis Sync="TRUE">0</atprecis>
				<attscale Sync="TRUE">0</attscale>
			</attr>
			<attr>
				<attrlabl Sync="TRUE">largesto_1</attrlabl>
				<attalias Sync="TRUE">largesto_1</attalias>
				<attrtype Sync="TRUE">String</attrtype>
				<attwidth Sync="TRUE">100</attwidth>
				<atprecis Sync="TRUE">0</atprecis>
				<attscale Sync="TRUE">0</attscale>
			</attr>
			<attr>
				<attrlabl Sync="TRUE">smallestob</attrlabl>
				<attalias Sync="TRUE">smallestob</attalias>
				<attrtype Sync="TRUE">String</attrtype>
				<attwidth Sync="TRUE">8</attwidth>
				<atprecis Sync="TRUE">0</atprecis>
				<attscale Sync="TRUE">0</attscale>
			</attr>
			<attr>
				<attrlabl Sync="TRUE">smallest_1</attrlabl>
				<attalias Sync="TRUE">smallest_1</attalias>
				<attrtype Sync="TRUE">String</attrtype>
				<attwidth Sync="TRUE">100</attwidth>
				<atprecis Sync="TRUE">0</atprecis>
				<attscale Sync="TRUE">0</attscale>
			</attr>
			<attr>
				<attrlabl Sync="TRUE">waterbodyt</attrlabl>
				<attalias Sync="TRUE">waterbodyt</attalias>
				<attrtype Sync="TRUE">String</attrtype>
				<attwidth Sync="TRUE">200</attwidth>
				<atprecis Sync="TRUE">0</atprecis>
				<attscale Sync="TRUE">0</attscale>
			</attr>
			<attr>
				<attrlabl Sync="TRUE">waterbodyn</attrlabl>
				<attalias Sync="TRUE">waterbodyn</attalias>
				<attrtype Sync="TRUE">String</attrtype>
				<attwidth Sync="TRUE">200</attwidth>
				<atprecis Sync="TRUE">0</atprecis>
				<attscale Sync="TRUE">0</attscale>
			</attr>
			<attr>
				<attrlabl Sync="TRUE">downumber</attrlabl>
				<attalias Sync="TRUE">downumber</attalias>
				<attrtype Sync="TRUE">String</attrtype>
				<attwidth Sync="TRUE">30</attwidth>
				<atprecis Sync="TRUE">0</atprecis>
				<attscale Sync="TRUE">0</attscale>
			</attr>
			<attr>
				<attrlabl Sync="TRUE">stemcount</attrlabl>
				<attalias Sync="TRUE">stemcount</attalias>
				<attrtype Sync="TRUE">String</attrtype>
				<attwidth Sync="TRUE">50</attwidth>
				<atprecis Sync="TRUE">0</atprecis>
				<attscale Sync="TRUE">0</attscale>
			</attr>
			<attr>
				<attrlabl Sync="TRUE">reference</attrlabl>
				<attalias Sync="TRUE">reference</attalias>
				<attrtype Sync="TRUE">String</attrtype>
				<attwidth Sync="TRUE">254</attwidth>
				<atprecis Sync="TRUE">0</atprecis>
				<attscale Sync="TRUE">0</attscale>
			</attr>
			<attr>
				<attrlabl Sync="TRUE">comments</attrlabl>
				<attalias Sync="TRUE">comments</attalias>
				<attrtype Sync="TRUE">String</attrtype>
				<attwidth Sync="TRUE">254</attwidth>
				<atprecis Sync="TRUE">0</atprecis>
				<attscale Sync="TRUE">0</attscale>
			</attr>
			<attr>
				<attrlabl Sync="TRUE">treatment</attrlabl>
				<attalias Sync="TRUE">treatment</attalias>
				<attrtype Sync="TRUE">String</attrtype>
				<attwidth Sync="TRUE">200</attwidth>
				<atprecis Sync="TRUE">0</atprecis>
				<attscale Sync="TRUE">0</attscale>
			</attr>
			<attr>
				<attrlabl Sync="TRUE">latitude_d</attrlabl>
				<attalias Sync="TRUE">latitude_d</attalias>
				<attrtype Sync="TRUE">Double</attrtype>
				<attwidth Sync="TRUE">19</attwidth>
				<atprecis Sync="TRUE">0</atprecis>
				<attscale Sync="TRUE">0</attscale>
			</attr>
			<attr>
				<attrlabl Sync="TRUE">longitude_</attrlabl>
				<attalias Sync="TRUE">longitude_</attalias>
				<attrtype Sync="TRUE">Double</attrtype>
				<attwidth Sync="TRUE">19</attwidth>
				<atprecis Sync="TRUE">0</atprecis>
				<attscale Sync="TRUE">0</attscale>
			</attr>
			<attr>
				<attrlabl Sync="TRUE">latlng</attrlabl>
				<attalias Sync="TRUE">latlng</attalias>
				<attrtype Sync="TRUE">String</attrtype>
				<attwidth Sync="TRUE">50</attwidth>
				<atprecis Sync="TRUE">0</atprecis>
				<attscale Sync="TRUE">0</attscale>
			</attr>
		</detailed>
	</eainfo>
	<mdDateSt Sync="TRUE">20170209</mdDateSt>
</metadata>
