<metadata xml:lang="en">
	<Esri>
		<CreaDate>20170208</CreaDate>
		<CreaTime>01014500</CreaTime>
		<ArcGISFormat>1.0</ArcGISFormat>
		<SyncOnce>FALSE</SyncOnce>
		<DataProperties>
			<lineage>
				<Process ToolSource="c:\program files (x86)\arcgis\desktop10.2\ArcToolbox\Toolboxes\Data Management Tools.tbx\CreateFeatureclass" Date="20170208" Time="010145">CreateFeatureclass C:\python_scripts\temp\invasives.gdb invasives_ln POLYLINE # DISABLED DISABLED "PROJCS['NAD_1983_UTM_Zone_15N',GEOGCS['GCS_North_American_1983',DATUM['D_North_American_1983',SPHEROID['GRS_1980',6378137.0,298.257222101]],PRIMEM['Greenwich',0.0],UNIT['Degree',0.0174532925199433]],PROJECTION['Transverse_Mercator'],PARAMETER['False_Easting',500000.0],PARAMETER['False_Northing',0.0],PARAMETER['Central_Meridian',-93.0],PARAMETER['Scale_Factor',0.9996],PARAMETER['Latitude_Of_Origin',0.0],UNIT['Meter',1.0]];-5120900 -9998100 10000;-100000 10000;-100000 10000;0.001;0.001;0.001;IsHighPrecision" # 0 0 0</Process>
				<Process ToolSource="c:\program files (x86)\arcgis\desktop10.2\ArcToolbox\Toolboxes\Data Management Tools.tbx\AddField" Date="20170208" Time="010146">AddField C:\python_scripts\temp\invasives.gdb\invasives_ln id_number DOUBLE # # 10 "Unique ID Number" NULLABLE NON_REQUIRED #</Process>
				<Process ToolSource="c:\program files (x86)\arcgis\desktop10.2\ArcToolbox\Toolboxes\Data Management Tools.tbx\AddField" Date="20170208" Time="010147">AddField C:\python_scripts\temp\invasives.gdb\invasives_ln subjectnumber DOUBLE # # 5 "Species Number" NULLABLE NON_REQUIRED #</Process>
				<Process ToolSource="c:\program files (x86)\arcgis\desktop10.2\ArcToolbox\Toolboxes\Data Management Tools.tbx\AddField" Date="20170208" Time="010147">AddField C:\python_scripts\temp\invasives.gdb\invasives_ln commonname TEXT # # 60 "Common Name" NULLABLE NON_REQUIRED #</Process>
				<Process ToolSource="c:\program files (x86)\arcgis\desktop10.2\ArcToolbox\Toolboxes\Data Management Tools.tbx\AddField" Date="20170208" Time="010148">AddField C:\python_scripts\temp\invasives.gdb\invasives_ln scientificname TEXT # # 100 "Scientific Name" NULLABLE NON_REQUIRED #</Process>
				<Process ToolSource="c:\program files (x86)\arcgis\desktop10.2\ArcToolbox\Toolboxes\Data Management Tools.tbx\AddField" Date="20170208" Time="010149">AddField C:\python_scripts\temp\invasives.gdb\invasives_ln division TEXT # # 100 Division NULLABLE NON_REQUIRED #</Process>
				<Process ToolSource="c:\program files (x86)\arcgis\desktop10.2\ArcToolbox\Toolboxes\Data Management Tools.tbx\AddField" Date="20170208" Time="010150">AddField C:\python_scripts\temp\invasives.gdb\invasives_ln category1 TEXT # # 100 "Category 1" NULLABLE NON_REQUIRED #</Process>
				<Process ToolSource="c:\program files (x86)\arcgis\desktop10.2\ArcToolbox\Toolboxes\Data Management Tools.tbx\AddField" Date="20170208" Time="010151">AddField C:\python_scripts\temp\invasives.gdb\invasives_ln category2 TEXT # # 100 "Category 2" NULLABLE NON_REQUIRED #</Process>
				<Process ToolSource="c:\program files (x86)\arcgis\desktop10.2\ArcToolbox\Toolboxes\Data Management Tools.tbx\AddField" Date="20170208" Time="010152">AddField C:\python_scripts\temp\invasives.gdb\invasives_ln observationdate TEXT # # 35 "Observation Date" NULLABLE NON_REQUIRED #</Process>
				<Process ToolSource="c:\program files (x86)\arcgis\desktop10.2\ArcToolbox\Toolboxes\Data Management Tools.tbx\AddField" Date="20170208" Time="010153">AddField C:\python_scripts\temp\invasives.gdb\invasives_ln reporterid DOUBLE # # 5 "Reporter ID" NULLABLE NON_REQUIRED #</Process>
				<Process ToolSource="c:\program files (x86)\arcgis\desktop10.2\ArcToolbox\Toolboxes\Data Management Tools.tbx\AddField" Date="20170208" Time="010154">AddField C:\python_scripts\temp\invasives.gdb\invasives_ln reporter TEXT # # 100 Reporter NULLABLE NON_REQUIRED #</Process>
				<Process ToolSource="c:\program files (x86)\arcgis\desktop10.2\ArcToolbox\Toolboxes\Data Management Tools.tbx\AddField" Date="20170208" Time="010155">AddField C:\python_scripts\temp\invasives.gdb\invasives_ln srcname TEXT # # 100 "Source Organization" NULLABLE NON_REQUIRED #</Process>
				<Process ToolSource="c:\program files (x86)\arcgis\desktop10.2\ArcToolbox\Toolboxes\Data Management Tools.tbx\AddField" Date="20170208" Time="010156">AddField C:\python_scripts\temp\invasives.gdb\invasives_ln surveyor TEXT # # 100 Surveyor NULLABLE NON_REQUIRED #</Process>
				<Process ToolSource="c:\program files (x86)\arcgis\desktop10.2\ArcToolbox\Toolboxes\Data Management Tools.tbx\AddField" Date="20170208" Time="010157">AddField C:\python_scripts\temp\invasives.gdb\invasives_ln administrator TEXT # # 100 Administrator NULLABLE NON_REQUIRED #</Process>
				<Process ToolSource="c:\program files (x86)\arcgis\desktop10.2\ArcToolbox\Toolboxes\Data Management Tools.tbx\AddField" Date="20170208" Time="010158">AddField C:\python_scripts\temp\invasives.gdb\invasives_ln unitname TEXT # # 100 "Unit Name" NULLABLE NON_REQUIRED #</Process>
				<Process ToolSource="c:\program files (x86)\arcgis\desktop10.2\ArcToolbox\Toolboxes\Data Management Tools.tbx\AddField" Date="20170208" Time="010159">AddField C:\python_scripts\temp\invasives.gdb\invasives_ln unittype TEXT # # 100 "Unit Type" NULLABLE NON_REQUIRED #</Process>
				<Process ToolSource="c:\program files (x86)\arcgis\desktop10.2\ArcToolbox\Toolboxes\Data Management Tools.tbx\AddField" Date="20170208" Time="010159">AddField C:\python_scripts\temp\invasives.gdb\invasives_ln administratingdivision TEXT # # 100 "Administrating Division" NULLABLE NON_REQUIRED #</Process>
				<Process ToolSource="c:\program files (x86)\arcgis\desktop10.2\ArcToolbox\Toolboxes\Data Management Tools.tbx\AddField" Date="20170208" Time="010200">AddField C:\python_scripts\temp\invasives.gdb\invasives_ln datereviewed TEXT # # 35 "Date Verified" NULLABLE NON_REQUIRED #</Process>
				<Process ToolSource="c:\program files (x86)\arcgis\desktop10.2\ArcToolbox\Toolboxes\Data Management Tools.tbx\AddField" Date="20170208" Time="010201">AddField C:\python_scripts\temp\invasives.gdb\invasives_ln reviewer TEXT # # 100 Verifier NULLABLE NON_REQUIRED #</Process>
				<Process ToolSource="c:\program files (x86)\arcgis\desktop10.2\ArcToolbox\Toolboxes\Data Management Tools.tbx\AddField" Date="20170208" Time="010202">AddField C:\python_scripts\temp\invasives.gdb\invasives_ln confidence TEXT # # 50 Confidence NULLABLE NON_REQUIRED #</Process>
				<Process ToolSource="c:\program files (x86)\arcgis\desktop10.2\ArcToolbox\Toolboxes\Data Management Tools.tbx\AddField" Date="20170208" Time="010203">AddField C:\python_scripts\temp\invasives.gdb\invasives_ln identificationcredibility TEXT # # 100 "Identification Credibility" NULLABLE NON_REQUIRED #</Process>
				<Process ToolSource="c:\program files (x86)\arcgis\desktop10.2\ArcToolbox\Toolboxes\Data Management Tools.tbx\AddField" Date="20170208" Time="010204">AddField C:\python_scripts\temp\invasives.gdb\invasives_ln reporteraffiliation TEXT # # 100 "Reporter Affiliation" NULLABLE NON_REQUIRED #</Process>
				<Process ToolSource="c:\program files (x86)\arcgis\desktop10.2\ArcToolbox\Toolboxes\Data Management Tools.tbx\AddField" Date="20170208" Time="010205">AddField C:\python_scripts\temp\invasives.gdb\invasives_ln reporteraffiliation2 TEXT # # 100 "Reporter Affiliation 2" NULLABLE NON_REQUIRED #</Process>
				<Process ToolSource="c:\program files (x86)\arcgis\desktop10.2\ArcToolbox\Toolboxes\Data Management Tools.tbx\AddField" Date="20170208" Time="010206">AddField C:\python_scripts\temp\invasives.gdb\invasives_ln countyfips DOUBLE # # 5 "StateCounty FIPS" NULLABLE NON_REQUIRED #</Process>
				<Process ToolSource="c:\program files (x86)\arcgis\desktop10.2\ArcToolbox\Toolboxes\Data Management Tools.tbx\AddField" Date="20170208" Time="010207">AddField C:\python_scripts\temp\invasives.gdb\invasives_ln county TEXT # # 30 County NULLABLE NON_REQUIRED #</Process>
				<Process ToolSource="c:\program files (x86)\arcgis\desktop10.2\ArcToolbox\Toolboxes\Data Management Tools.tbx\AddField" Date="20170208" Time="010208">AddField C:\python_scripts\temp\invasives.gdb\invasives_ln city TEXT # # 30 City NULLABLE NON_REQUIRED #</Process>
				<Process ToolSource="c:\program files (x86)\arcgis\desktop10.2\ArcToolbox\Toolboxes\Data Management Tools.tbx\AddField" Date="20170208" Time="010209">AddField C:\python_scripts\temp\invasives.gdb\invasives_ln locality TEXT # # 750 "Locality Description" NULLABLE NON_REQUIRED #</Process>
				<Process ToolSource="c:\program files (x86)\arcgis\desktop10.2\ArcToolbox\Toolboxes\Data Management Tools.tbx\AddField" Date="20170208" Time="010210">AddField C:\python_scripts\temp\invasives.gdb\invasives_ln local_ownership TEXT # # 100 "Local Ownership" NULLABLE NON_REQUIRED #</Process>
				<Process ToolSource="c:\program files (x86)\arcgis\desktop10.2\ArcToolbox\Toolboxes\Data Management Tools.tbx\AddField" Date="20170208" Time="010210">AddField C:\python_scripts\temp\invasives.gdb\invasives_ln national_ownership TEXT # # 100 "National Ownership" NULLABLE NON_REQUIRED #</Process>
				<Process ToolSource="c:\program files (x86)\arcgis\desktop10.2\ArcToolbox\Toolboxes\Data Management Tools.tbx\AddField" Date="20170208" Time="010212">AddField C:\python_scripts\temp\invasives.gdb\invasives_ln sitename TEXT # # 200 "Site Name" NULLABLE NON_REQUIRED #</Process>
				<Process ToolSource="c:\program files (x86)\arcgis\desktop10.2\ArcToolbox\Toolboxes\Data Management Tools.tbx\AddField" Date="20170208" Time="010212">AddField C:\python_scripts\temp\invasives.gdb\invasives_ln habitat TEXT # # 500 Habitat NULLABLE NON_REQUIRED #</Process>
				<Process ToolSource="c:\program files (x86)\arcgis\desktop10.2\ArcToolbox\Toolboxes\Data Management Tools.tbx\AddField" Date="20170208" Time="010213">AddField C:\python_scripts\temp\invasives.gdb\invasives_ln canopycover TEXT # # 100 "Canopy Closure" NULLABLE NON_REQUIRED #</Process>
				<Process ToolSource="c:\program files (x86)\arcgis\desktop10.2\ArcToolbox\Toolboxes\Data Management Tools.tbx\AddField" Date="20170208" Time="010214">AddField C:\python_scripts\temp\invasives.gdb\invasives_ln grossareainacres TEXT # # 30 "Gross Area in Acres" NULLABLE NON_REQUIRED #</Process>
				<Process ToolSource="c:\program files (x86)\arcgis\desktop10.2\ArcToolbox\Toolboxes\Data Management Tools.tbx\AddField" Date="20170208" Time="010215">AddField C:\python_scripts\temp\invasives.gdb\invasives_ln abundance TEXT # # 50 Abundance NULLABLE NON_REQUIRED #</Process>
				<Process ToolSource="c:\program files (x86)\arcgis\desktop10.2\ArcToolbox\Toolboxes\Data Management Tools.tbx\AddField" Date="20170208" Time="010217">AddField C:\python_scripts\temp\invasives.gdb\invasives_ln infestedareainacres TEXT # # 30 "Infested Area in Acres" NULLABLE NON_REQUIRED #</Process>
				<Process ToolSource="c:\program files (x86)\arcgis\desktop10.2\ArcToolbox\Toolboxes\Data Management Tools.tbx\AddField" Date="20170208" Time="010218">AddField C:\python_scripts\temp\invasives.gdb\invasives_ln impactedresources TEXT # # 500 "Impacted Resources" NULLABLE NON_REQUIRED #</Process>
				<Process ToolSource="c:\program files (x86)\arcgis\desktop10.2\ArcToolbox\Toolboxes\Data Management Tools.tbx\AddField" Date="20170208" Time="010219">AddField C:\python_scripts\temp\invasives.gdb\invasives_ln incidence TEXT # # 4 "Damage Severity" NULLABLE NON_REQUIRED #</Process>
				<Process ToolSource="c:\program files (x86)\arcgis\desktop10.2\ArcToolbox\Toolboxes\Data Management Tools.tbx\AddField" Date="20170208" Time="010220">AddField C:\python_scripts\temp\invasives.gdb\invasives_ln incidenceunit TEXT # # 20 "Damage Severity Units" NULLABLE NON_REQUIRED #</Process>
				<Process ToolSource="c:\program files (x86)\arcgis\desktop10.2\ArcToolbox\Toolboxes\Data Management Tools.tbx\AddField" Date="20170208" Time="010221">AddField C:\python_scripts\temp\invasives.gdb\invasives_ln severity TEXT # # 6 "Disease Impact" NULLABLE NON_REQUIRED #</Process>
				<Process ToolSource="c:\program files (x86)\arcgis\desktop10.2\ArcToolbox\Toolboxes\Data Management Tools.tbx\AddField" Date="20170208" Time="010221">AddField C:\python_scripts\temp\invasives.gdb\invasives_ln severityunit TEXT # # 20 "Disease Impact Units" NULLABLE NON_REQUIRED #</Process>
				<Process ToolSource="c:\program files (x86)\arcgis\desktop10.2\ArcToolbox\Toolboxes\Data Management Tools.tbx\AddField" Date="20170208" Time="010222">AddField C:\python_scripts\temp\invasives.gdb\invasives_ln disturbance TEXT # # 100 Disturbance NULLABLE NON_REQUIRED #</Process>
				<Process ToolSource="c:\program files (x86)\arcgis\desktop10.2\ArcToolbox\Toolboxes\Data Management Tools.tbx\AddField" Date="20170208" Time="010223">AddField C:\python_scripts\temp\invasives.gdb\invasives_ln disturbanceage TEXT # # 4 "Years since Disturbance" NULLABLE NON_REQUIRED #</Process>
				<Process ToolSource="c:\program files (x86)\arcgis\desktop10.2\ArcToolbox\Toolboxes\Data Management Tools.tbx\AddField" Date="20170208" Time="010224">AddField C:\python_scripts\temp\invasives.gdb\invasives_ln disturbsev TEXT # # 30 "Disturbance Severity" NULLABLE NON_REQUIRED #</Process>
				<Process ToolSource="c:\program files (x86)\arcgis\desktop10.2\ArcToolbox\Toolboxes\Data Management Tools.tbx\AddField" Date="20170208" Time="010225">AddField C:\python_scripts\temp\invasives.gdb\invasives_ln percentcover TEXT # # 8 "Percent Invasive Cover" NULLABLE NON_REQUIRED #</Process>
				<Process ToolSource="c:\program files (x86)\arcgis\desktop10.2\ArcToolbox\Toolboxes\Data Management Tools.tbx\AddField" Date="20170208" Time="010226">AddField C:\python_scripts\temp\invasives.gdb\invasives_ln aggressiveness TEXT # # 50 Aggressiveness NULLABLE NON_REQUIRED #</Process>
				<Process ToolSource="c:\program files (x86)\arcgis\desktop10.2\ArcToolbox\Toolboxes\Data Management Tools.tbx\AddField" Date="20170208" Time="010227">AddField C:\python_scripts\temp\invasives.gdb\invasives_ln hostdamage TEXT # # 50 "Host Damage Severity" NULLABLE NON_REQUIRED #</Process>
				<Process ToolSource="c:\program files (x86)\arcgis\desktop10.2\ArcToolbox\Toolboxes\Data Management Tools.tbx\AddField" Date="20170208" Time="010228">AddField C:\python_scripts\temp\invasives.gdb\invasives_ln density TEXT # # 50 Density NULLABLE NON_REQUIRED #</Process>
				<Process ToolSource="c:\program files (x86)\arcgis\desktop10.2\ArcToolbox\Toolboxes\Data Management Tools.tbx\AddField" Date="20170208" Time="010229">AddField C:\python_scripts\temp\invasives.gdb\invasives_ln txabundance TEXT # # 50 "Damage Severity in Area" NULLABLE NON_REQUIRED #</Process>
				<Process ToolSource="c:\program files (x86)\arcgis\desktop10.2\ArcToolbox\Toolboxes\Data Management Tools.tbx\AddField" Date="20170208" Time="010230">AddField C:\python_scripts\temp\invasives.gdb\invasives_ln txpatchtype TEXT # # 50 "Pattern of Damage" NULLABLE NON_REQUIRED #</Process>
				<Process ToolSource="c:\program files (x86)\arcgis\desktop10.2\ArcToolbox\Toolboxes\Data Management Tools.tbx\AddField" Date="20170208" Time="010231">AddField C:\python_scripts\temp\invasives.gdb\invasives_ln visittype TEXT # # 50 "Purpose of Visit" NULLABLE NON_REQUIRED #</Process>
				<Process ToolSource="c:\program files (x86)\arcgis\desktop10.2\ArcToolbox\Toolboxes\Data Management Tools.tbx\AddField" Date="20170208" Time="010232">AddField C:\python_scripts\temp\invasives.gdb\invasives_ln studytype TEXT # # 50 "Study Method" NULLABLE NON_REQUIRED #</Process>
				<Process ToolSource="c:\program files (x86)\arcgis\desktop10.2\ArcToolbox\Toolboxes\Data Management Tools.tbx\AddField" Date="20170208" Time="010233">AddField C:\python_scripts\temp\invasives.gdb\invasives_ln projectmethod TEXT # # 50 "Method of Detection" NULLABLE NON_REQUIRED #</Process>
				<Process ToolSource="c:\program files (x86)\arcgis\desktop10.2\ArcToolbox\Toolboxes\Data Management Tools.tbx\AddField" Date="20170208" Time="010234">AddField C:\python_scripts\temp\invasives.gdb\invasives_ln numberobserved TEXT # # 30 "Number of Individuals" NULLABLE NON_REQUIRED #</Process>
				<Process ToolSource="c:\program files (x86)\arcgis\desktop10.2\ArcToolbox\Toolboxes\Data Management Tools.tbx\AddField" Date="20170208" Time="010235">AddField C:\python_scripts\temp\invasives.gdb\invasives_ln lifestatus TEXT # # 100 "Life Status" NULLABLE NON_REQUIRED #</Process>
				<Process ToolSource="c:\program files (x86)\arcgis\desktop10.2\ArcToolbox\Toolboxes\Data Management Tools.tbx\AddField" Date="20170208" Time="010236">AddField C:\python_scripts\temp\invasives.gdb\invasives_ln sex TEXT # # 8 Sex NULLABLE NON_REQUIRED #</Process>
				<Process ToolSource="c:\program files (x86)\arcgis\desktop10.2\ArcToolbox\Toolboxes\Data Management Tools.tbx\AddField" Date="20170208" Time="010237">AddField C:\python_scripts\temp\invasives.gdb\invasives_ln maturity TEXT # # 50 Maturity NULLABLE NON_REQUIRED #</Process>
				<Process ToolSource="c:\program files (x86)\arcgis\desktop10.2\ArcToolbox\Toolboxes\Data Management Tools.tbx\AddField" Date="20170208" Time="010238">AddField C:\python_scripts\temp\invasives.gdb\invasives_ln phenology TEXT # # 200 "Life Stage" NULLABLE NON_REQUIRED #</Process>
				<Process ToolSource="c:\program files (x86)\arcgis\desktop10.2\ArcToolbox\Toolboxes\Data Management Tools.tbx\AddField" Date="20170208" Time="010239">AddField C:\python_scripts\temp\invasives.gdb\invasives_ln largestobserved TEXT # # 8 "Approx Size Observed: Largest" NULLABLE NON_REQUIRED #</Process>
				<Process ToolSource="c:\program files (x86)\arcgis\desktop10.2\ArcToolbox\Toolboxes\Data Management Tools.tbx\AddField" Date="20170208" Time="010240">AddField C:\python_scripts\temp\invasives.gdb\invasives_ln largestobservedunits TEXT # # 100 "Approx Size Observed Units: Largest" NULLABLE NON_REQUIRED #</Process>
				<Process ToolSource="c:\program files (x86)\arcgis\desktop10.2\ArcToolbox\Toolboxes\Data Management Tools.tbx\AddField" Date="20170208" Time="010241">AddField C:\python_scripts\temp\invasives.gdb\invasives_ln smallestobserved TEXT # # 8 "Approx Size Observed: Smallest" NULLABLE NON_REQUIRED #</Process>
				<Process ToolSource="c:\program files (x86)\arcgis\desktop10.2\ArcToolbox\Toolboxes\Data Management Tools.tbx\AddField" Date="20170208" Time="010243">AddField C:\python_scripts\temp\invasives.gdb\invasives_ln smallestobservedunits TEXT # # 100 "Approx Size Observed Units: Smallest" NULLABLE NON_REQUIRED #</Process>
				<Process ToolSource="c:\program files (x86)\arcgis\desktop10.2\ArcToolbox\Toolboxes\Data Management Tools.tbx\AddField" Date="20170208" Time="010244">AddField C:\python_scripts\temp\invasives.gdb\invasives_ln waterbodytype TEXT # # 200 "Water Body Type" NULLABLE NON_REQUIRED #</Process>
				<Process ToolSource="c:\program files (x86)\arcgis\desktop10.2\ArcToolbox\Toolboxes\Data Management Tools.tbx\AddField" Date="20170208" Time="010244">AddField C:\python_scripts\temp\invasives.gdb\invasives_ln waterbodyname TEXT # # 200 "Water Body Name" NULLABLE NON_REQUIRED #</Process>
				<Process ToolSource="c:\program files (x86)\arcgis\desktop10.2\ArcToolbox\Toolboxes\Data Management Tools.tbx\AddField" Date="20170208" Time="010246">AddField C:\python_scripts\temp\invasives.gdb\invasives_ln downumber TEXT # # 30 "DOW Number" NULLABLE NON_REQUIRED #</Process>
				<Process ToolSource="c:\program files (x86)\arcgis\desktop10.2\ArcToolbox\Toolboxes\Data Management Tools.tbx\AddField" Date="20170208" Time="010247">AddField C:\python_scripts\temp\invasives.gdb\invasives_ln stemcount TEXT # # 50 "Stem Count" NULLABLE NON_REQUIRED #</Process>
				<Process ToolSource="c:\program files (x86)\arcgis\desktop10.2\ArcToolbox\Toolboxes\Data Management Tools.tbx\AddField" Date="20170208" Time="010248">AddField C:\python_scripts\temp\invasives.gdb\invasives_ln reference TEXT # # 400 Reference NULLABLE NON_REQUIRED #</Process>
				<Process ToolSource="c:\program files (x86)\arcgis\desktop10.2\ArcToolbox\Toolboxes\Data Management Tools.tbx\AddField" Date="20170208" Time="010249">AddField C:\python_scripts\temp\invasives.gdb\invasives_ln comments TEXT # # 1000 Comments NULLABLE NON_REQUIRED #</Process>
				<Process ToolSource="c:\program files (x86)\arcgis\desktop10.2\ArcToolbox\Toolboxes\Data Management Tools.tbx\AddField" Date="20170208" Time="010250">AddField C:\python_scripts\temp\invasives.gdb\invasives_ln treatment TEXT # # 200 Treatment NULLABLE NON_REQUIRED #</Process>
				<Process ToolSource="c:\program files (x86)\arcgis\desktop10.2\ArcToolbox\Toolboxes\Data Management Tools.tbx\AddField" Date="20170208" Time="010251">AddField C:\python_scripts\temp\invasives.gdb\invasives_ln latitude_decimal DOUBLE # # 10 Latitude NULLABLE NON_REQUIRED #</Process>
				<Process ToolSource="c:\program files (x86)\arcgis\desktop10.2\ArcToolbox\Toolboxes\Data Management Tools.tbx\AddField" Date="20170208" Time="010251">AddField C:\python_scripts\temp\invasives.gdb\invasives_ln longitude_decimal DOUBLE # # 10 Longitude NULLABLE NON_REQUIRED #</Process>
				<Process ToolSource="c:\program files (x86)\arcgis\desktop10.2\ArcToolbox\Toolboxes\Data Management Tools.tbx\AddField" Date="20170208" Time="010252">AddField C:\python_scripts\temp\invasives.gdb\invasives_ln latlng TEXT # # 50 "Latitude Longitude" NULLABLE NON_REQUIRED #</Process>
				<Process ToolSource="c:\program files (x86)\arcgis\desktop10.2\ArcToolbox\Toolboxes\Data Management Tools.tbx\DeleteRows" Date="20170208" Time="010413">DeleteRows C:\python_scripts\temp\invasives.gdb\invasives_ln</Process>
				<Process ToolSource="c:\program files (x86)\arcgis\desktop10.2\ArcToolbox\Toolboxes\Conversion Tools.tbx\FeatureClassToFeatureClass" Date="20170208" Time="170241">FeatureClassToFeatureClass C:\python_scripts\temp\invasives.gdb\invasives_ln X:\\gisdata\\state\\mn\\invasives_eddmaps\env_invasive_aquatic_obs.gdb aquatic_invasive_species_observations_ln "category2 = 'Aquatic Animals' OR category1 = 'Fish' OR category1 = 'Snails, Slugs, and Mussels' OR category1 = 'Aquatic Plants' OR commonname = 'loosestrife'" "Shape_Length "Shape_Length" false true true 8 Double 0 0 ,First,#,C:\python_scripts\temp\invasives.gdb\invasives_ln,Shape_Length,-1,-1;id_number "Unique ID Number" true true false 8 Double 0 0 ,First,#,C:\python_scripts\temp\invasives.gdb\invasives_ln,id_number,-1,-1;subjectnumber "Species Number" true true false 8 Double 0 0 ,First,#,C:\python_scripts\temp\invasives.gdb\invasives_ln,subjectnumber,-1,-1;commonname "Common Name" true true false 60 Text 0 0 ,First,#,C:\python_scripts\temp\invasives.gdb\invasives_ln,commonname,-1,-1;scientificname "Scientific Name" true true false 100 Text 0 0 ,First,#,C:\python_scripts\temp\invasives.gdb\invasives_ln,scientificname,-1,-1;division "Division" true true false 100 Text 0 0 ,First,#,C:\python_scripts\temp\invasives.gdb\invasives_ln,division,-1,-1;category1 "Category 1" true true false 100 Text 0 0 ,First,#,C:\python_scripts\temp\invasives.gdb\invasives_ln,category1,-1,-1;category2 "Category 2" true true false 100 Text 0 0 ,First,#,C:\python_scripts\temp\invasives.gdb\invasives_ln,category2,-1,-1;observationdate "Observation Date" true true false 35 Text 0 0 ,First,#,C:\python_scripts\temp\invasives.gdb\invasives_ln,observationdate,-1,-1;reporterid "Reporter ID" true true false 8 Double 0 0 ,First,#,C:\python_scripts\temp\invasives.gdb\invasives_ln,reporterid,-1,-1;reporter "Reporter" true true false 100 Text 0 0 ,First,#,C:\python_scripts\temp\invasives.gdb\invasives_ln,reporter,-1,-1;srcname "Source Organization" true true false 100 Text 0 0 ,First,#,C:\python_scripts\temp\invasives.gdb\invasives_ln,srcname,-1,-1;surveyor "Surveyor" true true false 100 Text 0 0 ,First,#,C:\python_scripts\temp\invasives.gdb\invasives_ln,surveyor,-1,-1;administrator "Administrator" true true false 100 Text 0 0 ,First,#,C:\python_scripts\temp\invasives.gdb\invasives_ln,administrator,-1,-1;unitname "Unit Name" true true false 100 Text 0 0 ,First,#,C:\python_scripts\temp\invasives.gdb\invasives_ln,unitname,-1,-1;unittype "Unit Type" true true false 100 Text 0 0 ,First,#,C:\python_scripts\temp\invasives.gdb\invasives_ln,unittype,-1,-1;administratingdivision "Administrating Division" true true false 100 Text 0 0 ,First,#,C:\python_scripts\temp\invasives.gdb\invasives_ln,administratingdivision,-1,-1;datereviewed "Date Verified" true true false 35 Text 0 0 ,First,#,C:\python_scripts\temp\invasives.gdb\invasives_ln,datereviewed,-1,-1;reviewer "Verifier" true true false 100 Text 0 0 ,First,#,C:\python_scripts\temp\invasives.gdb\invasives_ln,reviewer,-1,-1;confidence "Confidence" true true false 50 Text 0 0 ,First,#,C:\python_scripts\temp\invasives.gdb\invasives_ln,confidence,-1,-1;identificationcredibility "Identification Credibility" true true false 100 Text 0 0 ,First,#,C:\python_scripts\temp\invasives.gdb\invasives_ln,identificationcredibility,-1,-1;reporteraffiliation "Reporter Affiliation" true true false 100 Text 0 0 ,First,#,C:\python_scripts\temp\invasives.gdb\invasives_ln,reporteraffiliation,-1,-1;reporteraffiliation2 "Reporter Affiliation 2" true true false 100 Text 0 0 ,First,#,C:\python_scripts\temp\invasives.gdb\invasives_ln,reporteraffiliation2,-1,-1;countyfips "StateCounty FIPS" true true false 8 Double 0 0 ,First,#,C:\python_scripts\temp\invasives.gdb\invasives_ln,countyfips,-1,-1;county "County" true true false 30 Text 0 0 ,First,#,C:\python_scripts\temp\invasives.gdb\invasives_ln,county,-1,-1;city "City" true true false 30 Text 0 0 ,First,#,C:\python_scripts\temp\invasives.gdb\invasives_ln,city,-1,-1;locality "Locality Description" true true false 750 Text 0 0 ,First,#,C:\python_scripts\temp\invasives.gdb\invasives_ln,locality,-1,-1;local_ownership "Local Ownership" true true false 100 Text 0 0 ,First,#,C:\python_scripts\temp\invasives.gdb\invasives_ln,local_ownership,-1,-1;national_ownership "National Ownership" true true false 100 Text 0 0 ,First,#,C:\python_scripts\temp\invasives.gdb\invasives_ln,national_ownership,-1,-1;sitename "Site Name" true true false 200 Text 0 0 ,First,#,C:\python_scripts\temp\invasives.gdb\invasives_ln,sitename,-1,-1;habitat "Habitat" true true false 500 Text 0 0 ,First,#,C:\python_scripts\temp\invasives.gdb\invasives_ln,habitat,-1,-1;canopycover "Canopy Closure" true true false 100 Text 0 0 ,First,#,C:\python_scripts\temp\invasives.gdb\invasives_ln,canopycover,-1,-1;grossareainacres "Gross Area in Acres" true true false 30 Text 0 0 ,First,#,C:\python_scripts\temp\invasives.gdb\invasives_ln,grossareainacres,-1,-1;abundance "Abundance" true true false 50 Text 0 0 ,First,#,C:\python_scripts\temp\invasives.gdb\invasives_ln,abundance,-1,-1;infestedareainacres "Infested Area in Acres" true true false 30 Text 0 0 ,First,#,C:\python_scripts\temp\invasives.gdb\invasives_ln,infestedareainacres,-1,-1;impactedresources "Impacted Resources" true true false 500 Text 0 0 ,First,#,C:\python_scripts\temp\invasives.gdb\invasives_ln,impactedresources,-1,-1;incidence "Damage Severity" true true false 4 Text 0 0 ,First,#,C:\python_scripts\temp\invasives.gdb\invasives_ln,incidence,-1,-1;incidenceunit "Damage Severity Units" true true false 20 Text 0 0 ,First,#,C:\python_scripts\temp\invasives.gdb\invasives_ln,incidenceunit,-1,-1;severity "Disease Impact" true true false 6 Text 0 0 ,First,#,C:\python_scripts\temp\invasives.gdb\invasives_ln,severity,-1,-1;severityunit "Disease Impact Units" true true false 20 Text 0 0 ,First,#,C:\python_scripts\temp\invasives.gdb\invasives_ln,severityunit,-1,-1;disturbance "Disturbance" true true false 100 Text 0 0 ,First,#,C:\python_scripts\temp\invasives.gdb\invasives_ln,disturbance,-1,-1;disturbanceage "Years since Disturbance" true true false 4 Text 0 0 ,First,#,C:\python_scripts\temp\invasives.gdb\invasives_ln,disturbanceage,-1,-1;disturbsev "Disturbance Severity" true true false 30 Text 0 0 ,First,#,C:\python_scripts\temp\invasives.gdb\invasives_ln,disturbsev,-1,-1;percentcover "Percent Invasive Cover" true true false 8 Text 0 0 ,First,#,C:\python_scripts\temp\invasives.gdb\invasives_ln,percentcover,-1,-1;aggressiveness "Aggressiveness" true true false 50 Text 0 0 ,First,#,C:\python_scripts\temp\invasives.gdb\invasives_ln,aggressiveness,-1,-1;hostdamage "Host Damage Severity" true true false 50 Text 0 0 ,First,#,C:\python_scripts\temp\invasives.gdb\invasives_ln,hostdamage,-1,-1;density "Density" true true false 50 Text 0 0 ,First,#,C:\python_scripts\temp\invasives.gdb\invasives_ln,density,-1,-1;txabundance "Damage Severity in Area" true true false 50 Text 0 0 ,First,#,C:\python_scripts\temp\invasives.gdb\invasives_ln,txabundance,-1,-1;txpatchtype "Pattern of Damage" true true false 50 Text 0 0 ,First,#,C:\python_scripts\temp\invasives.gdb\invasives_ln,txpatchtype,-1,-1;visittype "Purpose of Visit" true true false 50 Text 0 0 ,First,#,C:\python_scripts\temp\invasives.gdb\invasives_ln,visittype,-1,-1;studytype "Study Method" true true false 50 Text 0 0 ,First,#,C:\python_scripts\temp\invasives.gdb\invasives_ln,studytype,-1,-1;projectmethod "Method of Detection" true true false 50 Text 0 0 ,First,#,C:\python_scripts\temp\invasives.gdb\invasives_ln,projectmethod,-1,-1;numberobserved "Number of Individuals" true true false 30 Text 0 0 ,First,#,C:\python_scripts\temp\invasives.gdb\invasives_ln,numberobserved,-1,-1;lifestatus "Life Status" true true false 100 Text 0 0 ,First,#,C:\python_scripts\temp\invasives.gdb\invasives_ln,lifestatus,-1,-1;sex "Sex" true true false 8 Text 0 0 ,First,#,C:\python_scripts\temp\invasives.gdb\invasives_ln,sex,-1,-1;maturity "Maturity" true true false 50 Text 0 0 ,First,#,C:\python_scripts\temp\invasives.gdb\invasives_ln,maturity,-1,-1;phenology "Life Stage" true true false 200 Text 0 0 ,First,#,C:\python_scripts\temp\invasives.gdb\invasives_ln,phenology,-1,-1;largestobserved "Approx Size Observed: Largest" true true false 8 Text 0 0 ,First,#,C:\python_scripts\temp\invasives.gdb\invasives_ln,largestobserved,-1,-1;largestobservedunits "Approx Size Observed Units: Largest" true true false 100 Text 0 0 ,First,#,C:\python_scripts\temp\invasives.gdb\invasives_ln,largestobservedunits,-1,-1;smallestobserved "Approx Size Observed: Smallest" true true false 8 Text 0 0 ,First,#,C:\python_scripts\temp\invasives.gdb\invasives_ln,smallestobserved,-1,-1;smallestobservedunits "Approx Size Observed Units: Smallest" true true false 100 Text 0 0 ,First,#,C:\python_scripts\temp\invasives.gdb\invasives_ln,smallestobservedunits,-1,-1;waterbodytype "Water Body Type" true true false 200 Text 0 0 ,First,#,C:\python_scripts\temp\invasives.gdb\invasives_ln,waterbodytype,-1,-1;waterbodyname "Water Body Name" true true false 200 Text 0 0 ,First,#,C:\python_scripts\temp\invasives.gdb\invasives_ln,waterbodyname,-1,-1;downumber "DOW Number" true true false 30 Text 0 0 ,First,#,C:\python_scripts\temp\invasives.gdb\invasives_ln,downumber,-1,-1;stemcount "Stem Count" true true false 50 Text 0 0 ,First,#,C:\python_scripts\temp\invasives.gdb\invasives_ln,stemcount,-1,-1;reference "Reference" true true false 400 Text 0 0 ,First,#,C:\python_scripts\temp\invasives.gdb\invasives_ln,reference,-1,-1;comments "Comments" true true false 1000 Text 0 0 ,First,#,C:\python_scripts\temp\invasives.gdb\invasives_ln,comments,-1,-1;treatment "Treatment" true true false 200 Text 0 0 ,First,#,C:\python_scripts\temp\invasives.gdb\invasives_ln,treatment,-1,-1;latitude_decimal "Latitude" true true false 8 Double 0 0 ,First,#,C:\python_scripts\temp\invasives.gdb\invasives_ln,latitude_decimal,-1,-1;longitude_decimal "Longitude" true true false 8 Double 0 0 ,First,#,C:\python_scripts\temp\invasives.gdb\invasives_ln,longitude_decimal,-1,-1;latlng "Latitude Longitude" true true false 50 Text 0 0 ,First,#,C:\python_scripts\temp\invasives.gdb\invasives_ln,latlng,-1,-1" #</Process>
				<Process ToolSource="c:\program files (x86)\arcgis\desktop10.2\ArcToolbox\Toolboxes\Data Management Tools.tbx\AddIndex" Date="20170208" Time="170436">AddIndex X:\\gisdata\\state\\mn\\invasives_eddmaps\env_invasive_aquatic_obs.gdb\aquatic_invasive_species_observations_ln scientificname aln_scinameIndex NON_UNIQUE NON_ASCENDING</Process>
				<Process ToolSource="c:\program files (x86)\arcgis\desktop10.2\ArcToolbox\Toolboxes\Data Management Tools.tbx\AddIndex" Date="20170208" Time="170439">AddIndex X:\\gisdata\\state\\mn\\invasives_eddmaps\env_invasive_aquatic_obs.gdb\aquatic_invasive_species_observations_ln commonname aln_comnameIndex NON_UNIQUE NON_ASCENDING</Process>
				<Process ToolSource="C:\program files\arcgis\server\ArcToolbox\Toolboxes\Conversion Tools.tbx\FeatureClassToFeatureClass" Date="20170209" Time="235400">FeatureClassToFeatureClass /var/ftp/gdrs_temp/update\us_mn_state_dnr\env_invasive_aquatic_obs\fgdb\env_invasive_aquatic_obs.gdb\aquatic_invasive_species_observations_ln /var/ftp/gdrs_temp/update\us_mn_state_dnr\env_invasive_aquatic_obs\shp aquatic_invasive_species_observations_ln.shp # "id_number "Unique ID Number" true true false 8 Double 0 0 ,First,#,/var/ftp/gdrs_temp/update\us_mn_state_dnr\env_invasive_aquatic_obs\fgdb\env_invasive_aquatic_obs.gdb\aquatic_invasive_species_observations_ln,id_number,-1,-1;subjectnum "Species Number" true true false 8 Double 0 0 ,First,#,/var/ftp/gdrs_temp/update\us_mn_state_dnr\env_invasive_aquatic_obs\fgdb\env_invasive_aquatic_obs.gdb\aquatic_invasive_species_observations_ln,subjectnumber,-1,-1;commonname "Common Name" true true false 60 Text 0 0 ,First,#,/var/ftp/gdrs_temp/update\us_mn_state_dnr\env_invasive_aquatic_obs\fgdb\env_invasive_aquatic_obs.gdb\aquatic_invasive_species_observations_ln,commonname,-1,-1;scientific "Scientific Name" true true false 100 Text 0 0 ,First,#,/var/ftp/gdrs_temp/update\us_mn_state_dnr\env_invasive_aquatic_obs\fgdb\env_invasive_aquatic_obs.gdb\aquatic_invasive_species_observations_ln,scientificname,-1,-1;division "Division" true true false 100 Text 0 0 ,First,#,/var/ftp/gdrs_temp/update\us_mn_state_dnr\env_invasive_aquatic_obs\fgdb\env_invasive_aquatic_obs.gdb\aquatic_invasive_species_observations_ln,division,-1,-1;category1 "Category 1" true true false 100 Text 0 0 ,First,#,/var/ftp/gdrs_temp/update\us_mn_state_dnr\env_invasive_aquatic_obs\fgdb\env_invasive_aquatic_obs.gdb\aquatic_invasive_species_observations_ln,category1,-1,-1;category2 "Category 2" true true false 100 Text 0 0 ,First,#,/var/ftp/gdrs_temp/update\us_mn_state_dnr\env_invasive_aquatic_obs\fgdb\env_invasive_aquatic_obs.gdb\aquatic_invasive_species_observations_ln,category2,-1,-1;observatio "Observation Date" true true false 35 Text 0 0 ,First,#,/var/ftp/gdrs_temp/update\us_mn_state_dnr\env_invasive_aquatic_obs\fgdb\env_invasive_aquatic_obs.gdb\aquatic_invasive_species_observations_ln,observationdate,-1,-1;reporterid "Reporter ID" true true false 8 Double 0 0 ,First,#,/var/ftp/gdrs_temp/update\us_mn_state_dnr\env_invasive_aquatic_obs\fgdb\env_invasive_aquatic_obs.gdb\aquatic_invasive_species_observations_ln,reporterid,-1,-1;reporter "Reporter" true true false 100 Text 0 0 ,First,#,/var/ftp/gdrs_temp/update\us_mn_state_dnr\env_invasive_aquatic_obs\fgdb\env_invasive_aquatic_obs.gdb\aquatic_invasive_species_observations_ln,reporter,-1,-1;srcname "Source Organization" true true false 100 Text 0 0 ,First,#,/var/ftp/gdrs_temp/update\us_mn_state_dnr\env_invasive_aquatic_obs\fgdb\env_invasive_aquatic_obs.gdb\aquatic_invasive_species_observations_ln,srcname,-1,-1;surveyor "Surveyor" true true false 100 Text 0 0 ,First,#,/var/ftp/gdrs_temp/update\us_mn_state_dnr\env_invasive_aquatic_obs\fgdb\env_invasive_aquatic_obs.gdb\aquatic_invasive_species_observations_ln,surveyor,-1,-1;administra "Administrator" true true false 100 Text 0 0 ,First,#,/var/ftp/gdrs_temp/update\us_mn_state_dnr\env_invasive_aquatic_obs\fgdb\env_invasive_aquatic_obs.gdb\aquatic_invasive_species_observations_ln,administrator,-1,-1;unitname "Unit Name" true true false 100 Text 0 0 ,First,#,/var/ftp/gdrs_temp/update\us_mn_state_dnr\env_invasive_aquatic_obs\fgdb\env_invasive_aquatic_obs.gdb\aquatic_invasive_species_observations_ln,unitname,-1,-1;unittype "Unit Type" true true false 100 Text 0 0 ,First,#,/var/ftp/gdrs_temp/update\us_mn_state_dnr\env_invasive_aquatic_obs\fgdb\env_invasive_aquatic_obs.gdb\aquatic_invasive_species_observations_ln,unittype,-1,-1;administ_1 "Administrating Division" true true false 100 Text 0 0 ,First,#,/var/ftp/gdrs_temp/update\us_mn_state_dnr\env_invasive_aquatic_obs\fgdb\env_invasive_aquatic_obs.gdb\aquatic_invasive_species_observations_ln,administratingdivision,-1,-1;datereview "Date Verified" true true false 35 Text 0 0 ,First,#,/var/ftp/gdrs_temp/update\us_mn_state_dnr\env_invasive_aquatic_obs\fgdb\env_invasive_aquatic_obs.gdb\aquatic_invasive_species_observations_ln,datereviewed,-1,-1;reviewer "Verifier" true true false 100 Text 0 0 ,First,#,/var/ftp/gdrs_temp/update\us_mn_state_dnr\env_invasive_aquatic_obs\fgdb\env_invasive_aquatic_obs.gdb\aquatic_invasive_species_observations_ln,reviewer,-1,-1;confidence "Confidence" true true false 50 Text 0 0 ,First,#,/var/ftp/gdrs_temp/update\us_mn_state_dnr\env_invasive_aquatic_obs\fgdb\env_invasive_aquatic_obs.gdb\aquatic_invasive_species_observations_ln,confidence,-1,-1;identifica "Identification Credibility" true true false 100 Text 0 0 ,First,#,/var/ftp/gdrs_temp/update\us_mn_state_dnr\env_invasive_aquatic_obs\fgdb\env_invasive_aquatic_obs.gdb\aquatic_invasive_species_observations_ln,identificationcredibility,-1,-1;reporteraf "Reporter Affiliation" true true false 100 Text 0 0 ,First,#,/var/ftp/gdrs_temp/update\us_mn_state_dnr\env_invasive_aquatic_obs\fgdb\env_invasive_aquatic_obs.gdb\aquatic_invasive_species_observations_ln,reporteraffiliation,-1,-1;reporter_1 "Reporter Affiliation 2" true true false 100 Text 0 0 ,First,#,/var/ftp/gdrs_temp/update\us_mn_state_dnr\env_invasive_aquatic_obs\fgdb\env_invasive_aquatic_obs.gdb\aquatic_invasive_species_observations_ln,reporteraffiliation2,-1,-1;countyfips "StateCounty FIPS" true true false 8 Double 0 0 ,First,#,/var/ftp/gdrs_temp/update\us_mn_state_dnr\env_invasive_aquatic_obs\fgdb\env_invasive_aquatic_obs.gdb\aquatic_invasive_species_observations_ln,countyfips,-1,-1;county "County" true true false 30 Text 0 0 ,First,#,/var/ftp/gdrs_temp/update\us_mn_state_dnr\env_invasive_aquatic_obs\fgdb\env_invasive_aquatic_obs.gdb\aquatic_invasive_species_observations_ln,county,-1,-1;city "City" true true false 30 Text 0 0 ,First,#,/var/ftp/gdrs_temp/update\us_mn_state_dnr\env_invasive_aquatic_obs\fgdb\env_invasive_aquatic_obs.gdb\aquatic_invasive_species_observations_ln,city,-1,-1;locality "Locality Description" true true false 750 Text 0 0 ,First,#,/var/ftp/gdrs_temp/update\us_mn_state_dnr\env_invasive_aquatic_obs\fgdb\env_invasive_aquatic_obs.gdb\aquatic_invasive_species_observations_ln,locality,-1,-1;local_owne "Local Ownership" true true false 100 Text 0 0 ,First,#,/var/ftp/gdrs_temp/update\us_mn_state_dnr\env_invasive_aquatic_obs\fgdb\env_invasive_aquatic_obs.gdb\aquatic_invasive_species_observations_ln,local_ownership,-1,-1;national_o "National Ownership" true true false 100 Text 0 0 ,First,#,/var/ftp/gdrs_temp/update\us_mn_state_dnr\env_invasive_aquatic_obs\fgdb\env_invasive_aquatic_obs.gdb\aquatic_invasive_species_observations_ln,national_ownership,-1,-1;sitename "Site Name" true true false 200 Text 0 0 ,First,#,/var/ftp/gdrs_temp/update\us_mn_state_dnr\env_invasive_aquatic_obs\fgdb\env_invasive_aquatic_obs.gdb\aquatic_invasive_species_observations_ln,sitename,-1,-1;habitat "Habitat" true true false 500 Text 0 0 ,First,#,/var/ftp/gdrs_temp/update\us_mn_state_dnr\env_invasive_aquatic_obs\fgdb\env_invasive_aquatic_obs.gdb\aquatic_invasive_species_observations_ln,habitat,-1,-1;canopycove "Canopy Closure" true true false 100 Text 0 0 ,First,#,/var/ftp/gdrs_temp/update\us_mn_state_dnr\env_invasive_aquatic_obs\fgdb\env_invasive_aquatic_obs.gdb\aquatic_invasive_species_observations_ln,canopycover,-1,-1;grossareai "Gross Area in Acres" true true false 30 Text 0 0 ,First,#,/var/ftp/gdrs_temp/update\us_mn_state_dnr\env_invasive_aquatic_obs\fgdb\env_invasive_aquatic_obs.gdb\aquatic_invasive_species_observations_ln,grossareainacres,-1,-1;abundance "Abundance" true true false 50 Text 0 0 ,First,#,/var/ftp/gdrs_temp/update\us_mn_state_dnr\env_invasive_aquatic_obs\fgdb\env_invasive_aquatic_obs.gdb\aquatic_invasive_species_observations_ln,abundance,-1,-1;infestedar "Infested Area in Acres" true true false 30 Text 0 0 ,First,#,/var/ftp/gdrs_temp/update\us_mn_state_dnr\env_invasive_aquatic_obs\fgdb\env_invasive_aquatic_obs.gdb\aquatic_invasive_species_observations_ln,infestedareainacres,-1,-1;impactedre "Impacted Resources" true true false 500 Text 0 0 ,First,#,/var/ftp/gdrs_temp/update\us_mn_state_dnr\env_invasive_aquatic_obs\fgdb\env_invasive_aquatic_obs.gdb\aquatic_invasive_species_observations_ln,impactedresources,-1,-1;incidence "Damage Severity" true true false 4 Text 0 0 ,First,#,/var/ftp/gdrs_temp/update\us_mn_state_dnr\env_invasive_aquatic_obs\fgdb\env_invasive_aquatic_obs.gdb\aquatic_invasive_species_observations_ln,incidence,-1,-1;incidenceu "Damage Severity Units" true true false 20 Text 0 0 ,First,#,/var/ftp/gdrs_temp/update\us_mn_state_dnr\env_invasive_aquatic_obs\fgdb\env_invasive_aquatic_obs.gdb\aquatic_invasive_species_observations_ln,incidenceunit,-1,-1;severity "Disease Impact" true true false 6 Text 0 0 ,First,#,/var/ftp/gdrs_temp/update\us_mn_state_dnr\env_invasive_aquatic_obs\fgdb\env_invasive_aquatic_obs.gdb\aquatic_invasive_species_observations_ln,severity,-1,-1;severityun "Disease Impact Units" true true false 20 Text 0 0 ,First,#,/var/ftp/gdrs_temp/update\us_mn_state_dnr\env_invasive_aquatic_obs\fgdb\env_invasive_aquatic_obs.gdb\aquatic_invasive_species_observations_ln,severityunit,-1,-1;disturbanc "Disturbance" true true false 100 Text 0 0 ,First,#,/var/ftp/gdrs_temp/update\us_mn_state_dnr\env_invasive_aquatic_obs\fgdb\env_invasive_aquatic_obs.gdb\aquatic_invasive_species_observations_ln,disturbance,-1,-1;disturba_1 "Years since Disturbance" true true false 4 Text 0 0 ,First,#,/var/ftp/gdrs_temp/update\us_mn_state_dnr\env_invasive_aquatic_obs\fgdb\env_invasive_aquatic_obs.gdb\aquatic_invasive_species_observations_ln,disturbanceage,-1,-1;disturbsev "Disturbance Severity" true true false 30 Text 0 0 ,First,#,/var/ftp/gdrs_temp/update\us_mn_state_dnr\env_invasive_aquatic_obs\fgdb\env_invasive_aquatic_obs.gdb\aquatic_invasive_species_observations_ln,disturbsev,-1,-1;percentcov "Percent Invasive Cover" true true false 8 Text 0 0 ,First,#,/var/ftp/gdrs_temp/update\us_mn_state_dnr\env_invasive_aquatic_obs\fgdb\env_invasive_aquatic_obs.gdb\aquatic_invasive_species_observations_ln,percentcover,-1,-1;aggressive "Aggressiveness" true true false 50 Text 0 0 ,First,#,/var/ftp/gdrs_temp/update\us_mn_state_dnr\env_invasive_aquatic_obs\fgdb\env_invasive_aquatic_obs.gdb\aquatic_invasive_species_observations_ln,aggressiveness,-1,-1;hostdamage "Host Damage Severity" true true false 50 Text 0 0 ,First,#,/var/ftp/gdrs_temp/update\us_mn_state_dnr\env_invasive_aquatic_obs\fgdb\env_invasive_aquatic_obs.gdb\aquatic_invasive_species_observations_ln,hostdamage,-1,-1;density "Density" true true false 50 Text 0 0 ,First,#,/var/ftp/gdrs_temp/update\us_mn_state_dnr\env_invasive_aquatic_obs\fgdb\env_invasive_aquatic_obs.gdb\aquatic_invasive_species_observations_ln,density,-1,-1;txabundanc "Damage Severity in Area" true true false 50 Text 0 0 ,First,#,/var/ftp/gdrs_temp/update\us_mn_state_dnr\env_invasive_aquatic_obs\fgdb\env_invasive_aquatic_obs.gdb\aquatic_invasive_species_observations_ln,txabundance,-1,-1;txpatchtyp "Pattern of Damage" true true false 50 Text 0 0 ,First,#,/var/ftp/gdrs_temp/update\us_mn_state_dnr\env_invasive_aquatic_obs\fgdb\env_invasive_aquatic_obs.gdb\aquatic_invasive_species_observations_ln,txpatchtype,-1,-1;visittype "Purpose of Visit" true true false 50 Text 0 0 ,First,#,/var/ftp/gdrs_temp/update\us_mn_state_dnr\env_invasive_aquatic_obs\fgdb\env_invasive_aquatic_obs.gdb\aquatic_invasive_species_observations_ln,visittype,-1,-1;studytype "Study Method" true true false 50 Text 0 0 ,First,#,/var/ftp/gdrs_temp/update\us_mn_state_dnr\env_invasive_aquatic_obs\fgdb\env_invasive_aquatic_obs.gdb\aquatic_invasive_species_observations_ln,studytype,-1,-1;projectmet "Method of Detection" true true false 50 Text 0 0 ,First,#,/var/ftp/gdrs_temp/update\us_mn_state_dnr\env_invasive_aquatic_obs\fgdb\env_invasive_aquatic_obs.gdb\aquatic_invasive_species_observations_ln,projectmethod,-1,-1;numberobse "Number of Individuals" true true false 30 Text 0 0 ,First,#,/var/ftp/gdrs_temp/update\us_mn_state_dnr\env_invasive_aquatic_obs\fgdb\env_invasive_aquatic_obs.gdb\aquatic_invasive_species_observations_ln,numberobserved,-1,-1;lifestatus "Life Status" true true false 100 Text 0 0 ,First,#,/var/ftp/gdrs_temp/update\us_mn_state_dnr\env_invasive_aquatic_obs\fgdb\env_invasive_aquatic_obs.gdb\aquatic_invasive_species_observations_ln,lifestatus,-1,-1;sex "Sex" true true false 8 Text 0 0 ,First,#,/var/ftp/gdrs_temp/update\us_mn_state_dnr\env_invasive_aquatic_obs\fgdb\env_invasive_aquatic_obs.gdb\aquatic_invasive_species_observations_ln,sex,-1,-1;maturity "Maturity" true true false 50 Text 0 0 ,First,#,/var/ftp/gdrs_temp/update\us_mn_state_dnr\env_invasive_aquatic_obs\fgdb\env_invasive_aquatic_obs.gdb\aquatic_invasive_species_observations_ln,maturity,-1,-1;phenology "Life Stage" true true false 200 Text 0 0 ,First,#,/var/ftp/gdrs_temp/update\us_mn_state_dnr\env_invasive_aquatic_obs\fgdb\env_invasive_aquatic_obs.gdb\aquatic_invasive_species_observations_ln,phenology,-1,-1;largestobs "Approx Size Observed: Largest" true true false 8 Text 0 0 ,First,#,/var/ftp/gdrs_temp/update\us_mn_state_dnr\env_invasive_aquatic_obs\fgdb\env_invasive_aquatic_obs.gdb\aquatic_invasive_species_observations_ln,largestobserved,-1,-1;largesto_1 "Approx Size Observed Units: Largest" true true false 100 Text 0 0 ,First,#,/var/ftp/gdrs_temp/update\us_mn_state_dnr\env_invasive_aquatic_obs\fgdb\env_invasive_aquatic_obs.gdb\aquatic_invasive_species_observations_ln,largestobservedunits,-1,-1;smallestob "Approx Size Observed: Smallest" true true false 8 Text 0 0 ,First,#,/var/ftp/gdrs_temp/update\us_mn_state_dnr\env_invasive_aquatic_obs\fgdb\env_invasive_aquatic_obs.gdb\aquatic_invasive_species_observations_ln,smallestobserved,-1,-1;smallest_1 "Approx Size Observed Units: Smallest" true true false 100 Text 0 0 ,First,#,/var/ftp/gdrs_temp/update\us_mn_state_dnr\env_invasive_aquatic_obs\fgdb\env_invasive_aquatic_obs.gdb\aquatic_invasive_species_observations_ln,smallestobservedunits,-1,-1;waterbodyt "Water Body Type" true true false 200 Text 0 0 ,First,#,/var/ftp/gdrs_temp/update\us_mn_state_dnr\env_invasive_aquatic_obs\fgdb\env_invasive_aquatic_obs.gdb\aquatic_invasive_species_observations_ln,waterbodytype,-1,-1;waterbodyn "Water Body Name" true true false 200 Text 0 0 ,First,#,/var/ftp/gdrs_temp/update\us_mn_state_dnr\env_invasive_aquatic_obs\fgdb\env_invasive_aquatic_obs.gdb\aquatic_invasive_species_observations_ln,waterbodyname,-1,-1;downumber "DOW Number" true true false 30 Text 0 0 ,First,#,/var/ftp/gdrs_temp/update\us_mn_state_dnr\env_invasive_aquatic_obs\fgdb\env_invasive_aquatic_obs.gdb\aquatic_invasive_species_observations_ln,downumber,-1,-1;stemcount "Stem Count" true true false 50 Text 0 0 ,First,#,/var/ftp/gdrs_temp/update\us_mn_state_dnr\env_invasive_aquatic_obs\fgdb\env_invasive_aquatic_obs.gdb\aquatic_invasive_species_observations_ln,stemcount,-1,-1;reference "Reference" true true false 400 Text 0 0 ,First,#,/var/ftp/gdrs_temp/update\us_mn_state_dnr\env_invasive_aquatic_obs\fgdb\env_invasive_aquatic_obs.gdb\aquatic_invasive_species_observations_ln,reference,-1,-1;comments "Comments" true true false 1000 Text 0 0 ,First,#,/var/ftp/gdrs_temp/update\us_mn_state_dnr\env_invasive_aquatic_obs\fgdb\env_invasive_aquatic_obs.gdb\aquatic_invasive_species_observations_ln,comments,-1,-1;treatment "Treatment" true true false 200 Text 0 0 ,First,#,/var/ftp/gdrs_temp/update\us_mn_state_dnr\env_invasive_aquatic_obs\fgdb\env_invasive_aquatic_obs.gdb\aquatic_invasive_species_observations_ln,treatment,-1,-1;latitude_d "Latitude" true true false 8 Double 0 0 ,First,#,/var/ftp/gdrs_temp/update\us_mn_state_dnr\env_invasive_aquatic_obs\fgdb\env_invasive_aquatic_obs.gdb\aquatic_invasive_species_observations_ln,latitude_decimal,-1,-1;longitude_ "Longitude" true true false 8 Double 0 0 ,First,#,/var/ftp/gdrs_temp/update\us_mn_state_dnr\env_invasive_aquatic_obs\fgdb\env_invasive_aquatic_obs.gdb\aquatic_invasive_species_observations_ln,longitude_decimal,-1,-1;latlng "Latitude Longitude" true true false 50 Text 0 0 ,First,#,/var/ftp/gdrs_temp/update\us_mn_state_dnr\env_invasive_aquatic_obs\fgdb\env_invasive_aquatic_obs.gdb\aquatic_invasive_species_observations_ln,latlng,-1,-1;Shape_Leng "Shape_Leng" false true true 8 Double 0 0 ,First,#,/var/ftp/gdrs_temp/update\us_mn_state_dnr\env_invasive_aquatic_obs\fgdb\env_invasive_aquatic_obs.gdb\aquatic_invasive_species_observations_ln,Shape_Length,-1,-1" #</Process>
			</lineage>
			<itemProps>
				<itemName Sync="TRUE">aquatic_invasive_species_observations_ln</itemName>
				<imsContentType Sync="TRUE">002</imsContentType>
				<itemLocation>
					<linkage Sync="TRUE">file://\\g46palgdrftp001\Z\var\ftp\gdrs_temp\update\us_mn_state_dnr\env_invasive_aquatic_obs\shp\aquatic_invasive_species_observations_ln.shp</linkage>
					<protocol Sync="TRUE">Local Area Network</protocol>
				</itemLocation>
				<itemSize Sync="TRUE">0.000</itemSize>
			</itemProps>
			<coordRef>
				<type Sync="TRUE">Projected</type>
				<geogcsn Sync="TRUE">GCS_North_American_1983</geogcsn>
				<csUnits Sync="TRUE">Linear Unit: Meter (1.000000)</csUnits>
				<projcsn Sync="TRUE">NAD_1983_UTM_Zone_15N</projcsn>
				<peXml Sync="TRUE">&lt;ProjectedCoordinateSystem xsi:type='typens:ProjectedCoordinateSystem' xmlns:xsi='http://www.w3.org/2001/XMLSchema-instance' xmlns:xs='http://www.w3.org/2001/XMLSchema' xmlns:typens='http://www.esri.com/schemas/ArcGIS/10.4'&gt;&lt;WKT&gt;PROJCS[&amp;quot;NAD_1983_UTM_Zone_15N&amp;quot;,GEOGCS[&amp;quot;GCS_North_American_1983&amp;quot;,DATUM[&amp;quot;D_North_American_1983&amp;quot;,SPHEROID[&amp;quot;GRS_1980&amp;quot;,6378137.0,298.257222101]],PRIMEM[&amp;quot;Greenwich&amp;quot;,0.0],UNIT[&amp;quot;Degree&amp;quot;,0.0174532925199433]],PROJECTION[&amp;quot;Transverse_Mercator&amp;quot;],PARAMETER[&amp;quot;False_Easting&amp;quot;,500000.0],PARAMETER[&amp;quot;False_Northing&amp;quot;,0.0],PARAMETER[&amp;quot;Central_Meridian&amp;quot;,-93.0],PARAMETER[&amp;quot;Scale_Factor&amp;quot;,0.9996],PARAMETER[&amp;quot;Latitude_Of_Origin&amp;quot;,0.0],UNIT[&amp;quot;Meter&amp;quot;,1.0],AUTHORITY[&amp;quot;EPSG&amp;quot;,26915]]&lt;/WKT&gt;&lt;XOrigin&gt;-5120900&lt;/XOrigin&gt;&lt;YOrigin&gt;-9998100&lt;/YOrigin&gt;&lt;XYScale&gt;450445547.3910538&lt;/XYScale&gt;&lt;ZOrigin&gt;-100000&lt;/ZOrigin&gt;&lt;ZScale&gt;10000&lt;/ZScale&gt;&lt;MOrigin&gt;-100000&lt;/MOrigin&gt;&lt;MScale&gt;10000&lt;/MScale&gt;&lt;XYTolerance&gt;0.001&lt;/XYTolerance&gt;&lt;ZTolerance&gt;0.001&lt;/ZTolerance&gt;&lt;MTolerance&gt;0.001&lt;/MTolerance&gt;&lt;HighPrecision&gt;true&lt;/HighPrecision&gt;&lt;WKID&gt;26915&lt;/WKID&gt;&lt;LatestWKID&gt;26915&lt;/LatestWKID&gt;&lt;/ProjectedCoordinateSystem&gt;</peXml>
			</coordRef>
		</DataProperties>
		<SyncDate>20170209</SyncDate>
		<SyncTime>23540000</SyncTime>
		<ModDate>20170209</ModDate>
		<ModTime>23540000</ModTime>
	</Esri>
	<dataIdInfo>
		<envirDesc Sync="TRUE">Microsoft Windows XP Professional x64 Edition Version 5.2 (Build 3790) Service Pack 2; Esri ArcGIS 10.4.1.5686</envirDesc>
		<dataLang>
			<languageCode value="en" Sync="TRUE"/>
			<countryCode value="US" Sync="TRUE"/>
		</dataLang>
		<idCitation>
			<resTitle Sync="TRUE">aquatic_invasive_species_observations_ln</resTitle>
			<presForm>
				<PresFormCd value="005" Sync="TRUE"/>
			</presForm>
		</idCitation>
		<spatRpType>
			<SpatRepTypCd value="001" Sync="TRUE"/>
		</spatRpType>
	</dataIdInfo>
	<mdLang>
		<languageCode value="en" Sync="TRUE"/>
		<countryCode value="US" Sync="TRUE"/>
	</mdLang>
	<distInfo>
		<distFormat>
			<formatName Sync="TRUE">Shapefile</formatName>
		</distFormat>
		<distTranOps>
			<transSize Sync="TRUE">0.000</transSize>
		</distTranOps>
	</distInfo>
	<mdHrLv>
		<ScopeCd value="005" Sync="TRUE"/>
	</mdHrLv>
	<mdHrLvName Sync="TRUE">dataset</mdHrLvName>
	<refSysInfo>
		<RefSystem>
			<refSysID>
				<identCode code="26915" Sync="TRUE"/>
				<idCodeSpace Sync="TRUE">EPSG</idCodeSpace>
				<idVersion Sync="TRUE">6.13(3.0.1)</idVersion>
			</refSysID>
		</RefSystem>
	</refSysInfo>
	<spatRepInfo>
		<VectSpatRep>
			<geometObjs Name="aquatic_invasive_species_observations_ln">
				<geoObjTyp>
					<GeoObjTypCd value="002" Sync="TRUE"/>
				</geoObjTyp>
				<geoObjCnt Sync="TRUE">0</geoObjCnt>
			</geometObjs>
			<topLvl>
				<TopoLevCd value="001" Sync="TRUE"/>
			</topLvl>
		</VectSpatRep>
	</spatRepInfo>
	<spdoinfo>
		<ptvctinf>
			<esriterm Name="aquatic_invasive_species_observations_ln">
				<efeatyp Sync="TRUE">Simple</efeatyp>
				<efeageom code="3" Sync="TRUE"/>
				<esritopo Sync="TRUE">FALSE</esritopo>
				<efeacnt Sync="TRUE">0</efeacnt>
				<spindex Sync="TRUE">FALSE</spindex>
				<linrefer Sync="TRUE">FALSE</linrefer>
			</esriterm>
		</ptvctinf>
	</spdoinfo>
	<eainfo>
		<detailed Name="aquatic_invasive_species_observations_ln">
			<enttyp>
				<enttypl Sync="TRUE">aquatic_invasive_species_observations_ln</enttypl>
				<enttypt Sync="TRUE">Feature Class</enttypt>
				<enttypc Sync="TRUE">0</enttypc>
			</enttyp>
			<attr>
				<attrlabl Sync="TRUE">FID</attrlabl>
				<attalias Sync="TRUE">FID</attalias>
				<attrtype Sync="TRUE">OID</attrtype>
				<attwidth Sync="TRUE">4</attwidth>
				<atprecis Sync="TRUE">0</atprecis>
				<attscale Sync="TRUE">0</attscale>
				<attrdef Sync="TRUE">Internal feature number.</attrdef>
				<attrdefs Sync="TRUE">Esri</attrdefs>
				<attrdomv>
					<udom Sync="TRUE">Sequential unique whole numbers that are automatically generated.</udom>
				</attrdomv>
			</attr>
			<attr>
				<attrlabl Sync="TRUE">Shape</attrlabl>
				<attalias Sync="TRUE">Shape</attalias>
				<attrtype Sync="TRUE">Geometry</attrtype>
				<attwidth Sync="TRUE">0</attwidth>
				<atprecis Sync="TRUE">0</atprecis>
				<attscale Sync="TRUE">0</attscale>
				<attrdef Sync="TRUE">Feature geometry.</attrdef>
				<attrdefs Sync="TRUE">Esri</attrdefs>
				<attrdomv>
					<udom Sync="TRUE">Coordinates defining the features.</udom>
				</attrdomv>
			</attr>
			<attr>
				<attrlabl Sync="TRUE">id_number</attrlabl>
				<attalias Sync="TRUE">id_number</attalias>
				<attrtype Sync="TRUE">Double</attrtype>
				<attwidth Sync="TRUE">19</attwidth>
				<atprecis Sync="TRUE">0</atprecis>
				<attscale Sync="TRUE">0</attscale>
			</attr>
			<attr>
				<attrlabl Sync="TRUE">subjectnum</attrlabl>
				<attalias Sync="TRUE">subjectnum</attalias>
				<attrtype Sync="TRUE">Double</attrtype>
				<attwidth Sync="TRUE">19</attwidth>
				<atprecis Sync="TRUE">0</atprecis>
				<attscale Sync="TRUE">0</attscale>
			</attr>
			<attr>
				<attrlabl Sync="TRUE">commonname</attrlabl>
				<attalias Sync="TRUE">commonname</attalias>
				<attrtype Sync="TRUE">String</attrtype>
				<attwidth Sync="TRUE">60</attwidth>
				<atprecis Sync="TRUE">0</atprecis>
				<attscale Sync="TRUE">0</attscale>
			</attr>
			<attr>
				<attrlabl Sync="TRUE">scientific</attrlabl>
				<attalias Sync="TRUE">scientific</attalias>
				<attrtype Sync="TRUE">String</attrtype>
				<attwidth Sync="TRUE">100</attwidth>
				<atprecis Sync="TRUE">0</atprecis>
				<attscale Sync="TRUE">0</attscale>
			</attr>
			<attr>
				<attrlabl Sync="TRUE">division</attrlabl>
				<attalias Sync="TRUE">division</attalias>
				<attrtype Sync="TRUE">String</attrtype>
				<attwidth Sync="TRUE">100</attwidth>
				<atprecis Sync="TRUE">0</atprecis>
				<attscale Sync="TRUE">0</attscale>
			</attr>
			<attr>
				<attrlabl Sync="TRUE">category1</attrlabl>
				<attalias Sync="TRUE">category1</attalias>
				<attrtype Sync="TRUE">String</attrtype>
				<attwidth Sync="TRUE">100</attwidth>
				<atprecis Sync="TRUE">0</atprecis>
				<attscale Sync="TRUE">0</attscale>
			</attr>
			<attr>
				<attrlabl Sync="TRUE">category2</attrlabl>
				<attalias Sync="TRUE">category2</attalias>
				<attrtype Sync="TRUE">String</attrtype>
				<attwidth Sync="TRUE">100</attwidth>
				<atprecis Sync="TRUE">0</atprecis>
				<attscale Sync="TRUE">0</attscale>
			</attr>
			<attr>
				<attrlabl Sync="TRUE">observatio</attrlabl>
				<attalias Sync="TRUE">observatio</attalias>
				<attrtype Sync="TRUE">String</attrtype>
				<attwidth Sync="TRUE">35</attwidth>
				<atprecis Sync="TRUE">0</atprecis>
				<attscale Sync="TRUE">0</attscale>
			</attr>
			<attr>
				<attrlabl Sync="TRUE">reporterid</attrlabl>
				<attalias Sync="TRUE">reporterid</attalias>
				<attrtype Sync="TRUE">Double</attrtype>
				<attwidth Sync="TRUE">19</attwidth>
				<atprecis Sync="TRUE">0</atprecis>
				<attscale Sync="TRUE">0</attscale>
			</attr>
			<attr>
				<attrlabl Sync="TRUE">reporter</attrlabl>
				<attalias Sync="TRUE">reporter</attalias>
				<attrtype Sync="TRUE">String</attrtype>
				<attwidth Sync="TRUE">100</attwidth>
				<atprecis Sync="TRUE">0</atprecis>
				<attscale Sync="TRUE">0</attscale>
			</attr>
			<attr>
				<attrlabl Sync="TRUE">srcname</attrlabl>
				<attalias Sync="TRUE">srcname</attalias>
				<attrtype Sync="TRUE">String</attrtype>
				<attwidth Sync="TRUE">100</attwidth>
				<atprecis Sync="TRUE">0</atprecis>
				<attscale Sync="TRUE">0</attscale>
			</attr>
			<attr>
				<attrlabl Sync="TRUE">surveyor</attrlabl>
				<attalias Sync="TRUE">surveyor</attalias>
				<attrtype Sync="TRUE">String</attrtype>
				<attwidth Sync="TRUE">100</attwidth>
				<atprecis Sync="TRUE">0</atprecis>
				<attscale Sync="TRUE">0</attscale>
			</attr>
			<attr>
				<attrlabl Sync="TRUE">administra</attrlabl>
				<attalias Sync="TRUE">administra</attalias>
				<attrtype Sync="TRUE">String</attrtype>
				<attwidth Sync="TRUE">100</attwidth>
				<atprecis Sync="TRUE">0</atprecis>
				<attscale Sync="TRUE">0</attscale>
			</attr>
			<attr>
				<attrlabl Sync="TRUE">unitname</attrlabl>
				<attalias Sync="TRUE">unitname</attalias>
				<attrtype Sync="TRUE">String</attrtype>
				<attwidth Sync="TRUE">100</attwidth>
				<atprecis Sync="TRUE">0</atprecis>
				<attscale Sync="TRUE">0</attscale>
			</attr>
			<attr>
				<attrlabl Sync="TRUE">unittype</attrlabl>
				<attalias Sync="TRUE">unittype</attalias>
				<attrtype Sync="TRUE">String</attrtype>
				<attwidth Sync="TRUE">100</attwidth>
				<atprecis Sync="TRUE">0</atprecis>
				<attscale Sync="TRUE">0</attscale>
			</attr>
			<attr>
				<attrlabl Sync="TRUE">administ_1</attrlabl>
				<attalias Sync="TRUE">administ_1</attalias>
				<attrtype Sync="TRUE">String</attrtype>
				<attwidth Sync="TRUE">100</attwidth>
				<atprecis Sync="TRUE">0</atprecis>
				<attscale Sync="TRUE">0</attscale>
			</attr>
			<attr>
				<attrlabl Sync="TRUE">datereview</attrlabl>
				<attalias Sync="TRUE">datereview</attalias>
				<attrtype Sync="TRUE">String</attrtype>
				<attwidth Sync="TRUE">35</attwidth>
				<atprecis Sync="TRUE">0</atprecis>
				<attscale Sync="TRUE">0</attscale>
			</attr>
			<attr>
				<attrlabl Sync="TRUE">reviewer</attrlabl>
				<attalias Sync="TRUE">reviewer</attalias>
				<attrtype Sync="TRUE">String</attrtype>
				<attwidth Sync="TRUE">100</attwidth>
				<atprecis Sync="TRUE">0</atprecis>
				<attscale Sync="TRUE">0</attscale>
			</attr>
			<attr>
				<attrlabl Sync="TRUE">confidence</attrlabl>
				<attalias Sync="TRUE">confidence</attalias>
				<attrtype Sync="TRUE">String</attrtype>
				<attwidth Sync="TRUE">50</attwidth>
				<atprecis Sync="TRUE">0</atprecis>
				<attscale Sync="TRUE">0</attscale>
			</attr>
			<attr>
				<attrlabl Sync="TRUE">identifica</attrlabl>
				<attalias Sync="TRUE">identifica</attalias>
				<attrtype Sync="TRUE">String</attrtype>
				<attwidth Sync="TRUE">100</attwidth>
				<atprecis Sync="TRUE">0</atprecis>
				<attscale Sync="TRUE">0</attscale>
			</attr>
			<attr>
				<attrlabl Sync="TRUE">reporteraf</attrlabl>
				<attalias Sync="TRUE">reporteraf</attalias>
				<attrtype Sync="TRUE">String</attrtype>
				<attwidth Sync="TRUE">100</attwidth>
				<atprecis Sync="TRUE">0</atprecis>
				<attscale Sync="TRUE">0</attscale>
			</attr>
			<attr>
				<attrlabl Sync="TRUE">reporter_1</attrlabl>
				<attalias Sync="TRUE">reporter_1</attalias>
				<attrtype Sync="TRUE">String</attrtype>
				<attwidth Sync="TRUE">100</attwidth>
				<atprecis Sync="TRUE">0</atprecis>
				<attscale Sync="TRUE">0</attscale>
			</attr>
			<attr>
				<attrlabl Sync="TRUE">countyfips</attrlabl>
				<attalias Sync="TRUE">countyfips</attalias>
				<attrtype Sync="TRUE">Double</attrtype>
				<attwidth Sync="TRUE">19</attwidth>
				<atprecis Sync="TRUE">0</atprecis>
				<attscale Sync="TRUE">0</attscale>
			</attr>
			<attr>
				<attrlabl Sync="TRUE">county</attrlabl>
				<attalias Sync="TRUE">county</attalias>
				<attrtype Sync="TRUE">String</attrtype>
				<attwidth Sync="TRUE">30</attwidth>
				<atprecis Sync="TRUE">0</atprecis>
				<attscale Sync="TRUE">0</attscale>
			</attr>
			<attr>
				<attrlabl Sync="TRUE">city</attrlabl>
				<attalias Sync="TRUE">city</attalias>
				<attrtype Sync="TRUE">String</attrtype>
				<attwidth Sync="TRUE">30</attwidth>
				<atprecis Sync="TRUE">0</atprecis>
				<attscale Sync="TRUE">0</attscale>
			</attr>
			<attr>
				<attrlabl Sync="TRUE">locality</attrlabl>
				<attalias Sync="TRUE">locality</attalias>
				<attrtype Sync="TRUE">String</attrtype>
				<attwidth Sync="TRUE">254</attwidth>
				<atprecis Sync="TRUE">0</atprecis>
				<attscale Sync="TRUE">0</attscale>
			</attr>
			<attr>
				<attrlabl Sync="TRUE">local_owne</attrlabl>
				<attalias Sync="TRUE">local_owne</attalias>
				<attrtype Sync="TRUE">String</attrtype>
				<attwidth Sync="TRUE">100</attwidth>
				<atprecis Sync="TRUE">0</atprecis>
				<attscale Sync="TRUE">0</attscale>
			</attr>
			<attr>
				<attrlabl Sync="TRUE">national_o</attrlabl>
				<attalias Sync="TRUE">national_o</attalias>
				<attrtype Sync="TRUE">String</attrtype>
				<attwidth Sync="TRUE">100</attwidth>
				<atprecis Sync="TRUE">0</atprecis>
				<attscale Sync="TRUE">0</attscale>
			</attr>
			<attr>
				<attrlabl Sync="TRUE">sitename</attrlabl>
				<attalias Sync="TRUE">sitename</attalias>
				<attrtype Sync="TRUE">String</attrtype>
				<attwidth Sync="TRUE">200</attwidth>
				<atprecis Sync="TRUE">0</atprecis>
				<attscale Sync="TRUE">0</attscale>
			</attr>
			<attr>
				<attrlabl Sync="TRUE">habitat</attrlabl>
				<attalias Sync="TRUE">habitat</attalias>
				<attrtype Sync="TRUE">String</attrtype>
				<attwidth Sync="TRUE">254</attwidth>
				<atprecis Sync="TRUE">0</atprecis>
				<attscale Sync="TRUE">0</attscale>
			</attr>
			<attr>
				<attrlabl Sync="TRUE">canopycove</attrlabl>
				<attalias Sync="TRUE">canopycove</attalias>
				<attrtype Sync="TRUE">String</attrtype>
				<attwidth Sync="TRUE">100</attwidth>
				<atprecis Sync="TRUE">0</atprecis>
				<attscale Sync="TRUE">0</attscale>
			</attr>
			<attr>
				<attrlabl Sync="TRUE">grossareai</attrlabl>
				<attalias Sync="TRUE">grossareai</attalias>
				<attrtype Sync="TRUE">String</attrtype>
				<attwidth Sync="TRUE">30</attwidth>
				<atprecis Sync="TRUE">0</atprecis>
				<attscale Sync="TRUE">0</attscale>
			</attr>
			<attr>
				<attrlabl Sync="TRUE">abundance</attrlabl>
				<attalias Sync="TRUE">abundance</attalias>
				<attrtype Sync="TRUE">String</attrtype>
				<attwidth Sync="TRUE">50</attwidth>
				<atprecis Sync="TRUE">0</atprecis>
				<attscale Sync="TRUE">0</attscale>
			</attr>
			<attr>
				<attrlabl Sync="TRUE">infestedar</attrlabl>
				<attalias Sync="TRUE">infestedar</attalias>
				<attrtype Sync="TRUE">String</attrtype>
				<attwidth Sync="TRUE">30</attwidth>
				<atprecis Sync="TRUE">0</atprecis>
				<attscale Sync="TRUE">0</attscale>
			</attr>
			<attr>
				<attrlabl Sync="TRUE">impactedre</attrlabl>
				<attalias Sync="TRUE">impactedre</attalias>
				<attrtype Sync="TRUE">String</attrtype>
				<attwidth Sync="TRUE">254</attwidth>
				<atprecis Sync="TRUE">0</atprecis>
				<attscale Sync="TRUE">0</attscale>
			</attr>
			<attr>
				<attrlabl Sync="TRUE">incidence</attrlabl>
				<attalias Sync="TRUE">incidence</attalias>
				<attrtype Sync="TRUE">String</attrtype>
				<attwidth Sync="TRUE">4</attwidth>
				<atprecis Sync="TRUE">0</atprecis>
				<attscale Sync="TRUE">0</attscale>
			</attr>
			<attr>
				<attrlabl Sync="TRUE">incidenceu</attrlabl>
				<attalias Sync="TRUE">incidenceu</attalias>
				<attrtype Sync="TRUE">String</attrtype>
				<attwidth Sync="TRUE">20</attwidth>
				<atprecis Sync="TRUE">0</atprecis>
				<attscale Sync="TRUE">0</attscale>
			</attr>
			<attr>
				<attrlabl Sync="TRUE">severity</attrlabl>
				<attalias Sync="TRUE">severity</attalias>
				<attrtype Sync="TRUE">String</attrtype>
				<attwidth Sync="TRUE">6</attwidth>
				<atprecis Sync="TRUE">0</atprecis>
				<attscale Sync="TRUE">0</attscale>
			</attr>
			<attr>
				<attrlabl Sync="TRUE">severityun</attrlabl>
				<attalias Sync="TRUE">severityun</attalias>
				<attrtype Sync="TRUE">String</attrtype>
				<attwidth Sync="TRUE">20</attwidth>
				<atprecis Sync="TRUE">0</atprecis>
				<attscale Sync="TRUE">0</attscale>
			</attr>
			<attr>
				<attrlabl Sync="TRUE">disturbanc</attrlabl>
				<attalias Sync="TRUE">disturbanc</attalias>
				<attrtype Sync="TRUE">String</attrtype>
				<attwidth Sync="TRUE">100</attwidth>
				<atprecis Sync="TRUE">0</atprecis>
				<attscale Sync="TRUE">0</attscale>
			</attr>
			<attr>
				<attrlabl Sync="TRUE">disturba_1</attrlabl>
				<attalias Sync="TRUE">disturba_1</attalias>
				<attrtype Sync="TRUE">String</attrtype>
				<attwidth Sync="TRUE">4</attwidth>
				<atprecis Sync="TRUE">0</atprecis>
				<attscale Sync="TRUE">0</attscale>
			</attr>
			<attr>
				<attrlabl Sync="TRUE">disturbsev</attrlabl>
				<attalias Sync="TRUE">disturbsev</attalias>
				<attrtype Sync="TRUE">String</attrtype>
				<attwidth Sync="TRUE">30</attwidth>
				<atprecis Sync="TRUE">0</atprecis>
				<attscale Sync="TRUE">0</attscale>
			</attr>
			<attr>
				<attrlabl Sync="TRUE">percentcov</attrlabl>
				<attalias Sync="TRUE">percentcov</attalias>
				<attrtype Sync="TRUE">String</attrtype>
				<attwidth Sync="TRUE">8</attwidth>
				<atprecis Sync="TRUE">0</atprecis>
				<attscale Sync="TRUE">0</attscale>
			</attr>
			<attr>
				<attrlabl Sync="TRUE">aggressive</attrlabl>
				<attalias Sync="TRUE">aggressive</attalias>
				<attrtype Sync="TRUE">String</attrtype>
				<attwidth Sync="TRUE">50</attwidth>
				<atprecis Sync="TRUE">0</atprecis>
				<attscale Sync="TRUE">0</attscale>
			</attr>
			<attr>
				<attrlabl Sync="TRUE">hostdamage</attrlabl>
				<attalias Sync="TRUE">hostdamage</attalias>
				<attrtype Sync="TRUE">String</attrtype>
				<attwidth Sync="TRUE">50</attwidth>
				<atprecis Sync="TRUE">0</atprecis>
				<attscale Sync="TRUE">0</attscale>
			</attr>
			<attr>
				<attrlabl Sync="TRUE">density</attrlabl>
				<attalias Sync="TRUE">density</attalias>
				<attrtype Sync="TRUE">String</attrtype>
				<attwidth Sync="TRUE">50</attwidth>
				<atprecis Sync="TRUE">0</atprecis>
				<attscale Sync="TRUE">0</attscale>
			</attr>
			<attr>
				<attrlabl Sync="TRUE">txabundanc</attrlabl>
				<attalias Sync="TRUE">txabundanc</attalias>
				<attrtype Sync="TRUE">String</attrtype>
				<attwidth Sync="TRUE">50</attwidth>
				<atprecis Sync="TRUE">0</atprecis>
				<attscale Sync="TRUE">0</attscale>
			</attr>
			<attr>
				<attrlabl Sync="TRUE">txpatchtyp</attrlabl>
				<attalias Sync="TRUE">txpatchtyp</attalias>
				<attrtype Sync="TRUE">String</attrtype>
				<attwidth Sync="TRUE">50</attwidth>
				<atprecis Sync="TRUE">0</atprecis>
				<attscale Sync="TRUE">0</attscale>
			</attr>
			<attr>
				<attrlabl Sync="TRUE">visittype</attrlabl>
				<attalias Sync="TRUE">visittype</attalias>
				<attrtype Sync="TRUE">String</attrtype>
				<attwidth Sync="TRUE">50</attwidth>
				<atprecis Sync="TRUE">0</atprecis>
				<attscale Sync="TRUE">0</attscale>
			</attr>
			<attr>
				<attrlabl Sync="TRUE">studytype</attrlabl>
				<attalias Sync="TRUE">studytype</attalias>
				<attrtype Sync="TRUE">String</attrtype>
				<attwidth Sync="TRUE">50</attwidth>
				<atprecis Sync="TRUE">0</atprecis>
				<attscale Sync="TRUE">0</attscale>
			</attr>
			<attr>
				<attrlabl Sync="TRUE">projectmet</attrlabl>
				<attalias Sync="TRUE">projectmet</attalias>
				<attrtype Sync="TRUE">String</attrtype>
				<attwidth Sync="TRUE">50</attwidth>
				<atprecis Sync="TRUE">0</atprecis>
				<attscale Sync="TRUE">0</attscale>
			</attr>
			<attr>
				<attrlabl Sync="TRUE">numberobse</attrlabl>
				<attalias Sync="TRUE">numberobse</attalias>
				<attrtype Sync="TRUE">String</attrtype>
				<attwidth Sync="TRUE">30</attwidth>
				<atprecis Sync="TRUE">0</atprecis>
				<attscale Sync="TRUE">0</attscale>
			</attr>
			<attr>
				<attrlabl Sync="TRUE">lifestatus</attrlabl>
				<attalias Sync="TRUE">lifestatus</attalias>
				<attrtype Sync="TRUE">String</attrtype>
				<attwidth Sync="TRUE">100</attwidth>
				<atprecis Sync="TRUE">0</atprecis>
				<attscale Sync="TRUE">0</attscale>
			</attr>
			<attr>
				<attrlabl Sync="TRUE">sex</attrlabl>
				<attalias Sync="TRUE">sex</attalias>
				<attrtype Sync="TRUE">String</attrtype>
				<attwidth Sync="TRUE">8</attwidth>
				<atprecis Sync="TRUE">0</atprecis>
				<attscale Sync="TRUE">0</attscale>
			</attr>
			<attr>
				<attrlabl Sync="TRUE">maturity</attrlabl>
				<attalias Sync="TRUE">maturity</attalias>
				<attrtype Sync="TRUE">String</attrtype>
				<attwidth Sync="TRUE">50</attwidth>
				<atprecis Sync="TRUE">0</atprecis>
				<attscale Sync="TRUE">0</attscale>
			</attr>
			<attr>
				<attrlabl Sync="TRUE">phenology</attrlabl>
				<attalias Sync="TRUE">phenology</attalias>
				<attrtype Sync="TRUE">String</attrtype>
				<attwidth Sync="TRUE">200</attwidth>
				<atprecis Sync="TRUE">0</atprecis>
				<attscale Sync="TRUE">0</attscale>
			</attr>
			<attr>
				<attrlabl Sync="TRUE">largestobs</attrlabl>
				<attalias Sync="TRUE">largestobs</attalias>
				<attrtype Sync="TRUE">String</attrtype>
				<attwidth Sync="TRUE">8</attwidth>
				<atprecis Sync="TRUE">0</atprecis>
				<attscale Sync="TRUE">0</attscale>
			</attr>
			<attr>
				<attrlabl Sync="TRUE">largesto_1</attrlabl>
				<attalias Sync="TRUE">largesto_1</attalias>
				<attrtype Sync="TRUE">String</attrtype>
				<attwidth Sync="TRUE">100</attwidth>
				<atprecis Sync="TRUE">0</atprecis>
				<attscale Sync="TRUE">0</attscale>
			</attr>
			<attr>
				<attrlabl Sync="TRUE">smallestob</attrlabl>
				<attalias Sync="TRUE">smallestob</attalias>
				<attrtype Sync="TRUE">String</attrtype>
				<attwidth Sync="TRUE">8</attwidth>
				<atprecis Sync="TRUE">0</atprecis>
				<attscale Sync="TRUE">0</attscale>
			</attr>
			<attr>
				<attrlabl Sync="TRUE">smallest_1</attrlabl>
				<attalias Sync="TRUE">smallest_1</attalias>
				<attrtype Sync="TRUE">String</attrtype>
				<attwidth Sync="TRUE">100</attwidth>
				<atprecis Sync="TRUE">0</atprecis>
				<attscale Sync="TRUE">0</attscale>
			</attr>
			<attr>
				<attrlabl Sync="TRUE">waterbodyt</attrlabl>
				<attalias Sync="TRUE">waterbodyt</attalias>
				<attrtype Sync="TRUE">String</attrtype>
				<attwidth Sync="TRUE">200</attwidth>
				<atprecis Sync="TRUE">0</atprecis>
				<attscale Sync="TRUE">0</attscale>
			</attr>
			<attr>
				<attrlabl Sync="TRUE">waterbodyn</attrlabl>
				<attalias Sync="TRUE">waterbodyn</attalias>
				<attrtype Sync="TRUE">String</attrtype>
				<attwidth Sync="TRUE">200</attwidth>
				<atprecis Sync="TRUE">0</atprecis>
				<attscale Sync="TRUE">0</attscale>
			</attr>
			<attr>
				<attrlabl Sync="TRUE">downumber</attrlabl>
				<attalias Sync="TRUE">downumber</attalias>
				<attrtype Sync="TRUE">String</attrtype>
				<attwidth Sync="TRUE">30</attwidth>
				<atprecis Sync="TRUE">0</atprecis>
				<attscale Sync="TRUE">0</attscale>
			</attr>
			<attr>
				<attrlabl Sync="TRUE">stemcount</attrlabl>
				<attalias Sync="TRUE">stemcount</attalias>
				<attrtype Sync="TRUE">String</attrtype>
				<attwidth Sync="TRUE">50</attwidth>
				<atprecis Sync="TRUE">0</atprecis>
				<attscale Sync="TRUE">0</attscale>
			</attr>
			<attr>
				<attrlabl Sync="TRUE">reference</attrlabl>
				<attalias Sync="TRUE">reference</attalias>
				<attrtype Sync="TRUE">String</attrtype>
				<attwidth Sync="TRUE">254</attwidth>
				<atprecis Sync="TRUE">0</atprecis>
				<attscale Sync="TRUE">0</attscale>
			</attr>
			<attr>
				<attrlabl Sync="TRUE">comments</attrlabl>
				<attalias Sync="TRUE">comments</attalias>
				<attrtype Sync="TRUE">String</attrtype>
				<attwidth Sync="TRUE">254</attwidth>
				<atprecis Sync="TRUE">0</atprecis>
				<attscale Sync="TRUE">0</attscale>
			</attr>
			<attr>
				<attrlabl Sync="TRUE">treatment</attrlabl>
				<attalias Sync="TRUE">treatment</attalias>
				<attrtype Sync="TRUE">String</attrtype>
				<attwidth Sync="TRUE">200</attwidth>
				<atprecis Sync="TRUE">0</atprecis>
				<attscale Sync="TRUE">0</attscale>
			</attr>
			<attr>
				<attrlabl Sync="TRUE">latitude_d</attrlabl>
				<attalias Sync="TRUE">latitude_d</attalias>
				<attrtype Sync="TRUE">Double</attrtype>
				<attwidth Sync="TRUE">19</attwidth>
				<atprecis Sync="TRUE">0</atprecis>
				<attscale Sync="TRUE">0</attscale>
			</attr>
			<attr>
				<attrlabl Sync="TRUE">longitude_</attrlabl>
				<attalias Sync="TRUE">longitude_</attalias>
				<attrtype Sync="TRUE">Double</attrtype>
				<attwidth Sync="TRUE">19</attwidth>
				<atprecis Sync="TRUE">0</atprecis>
				<attscale Sync="TRUE">0</attscale>
			</attr>
			<attr>
				<attrlabl Sync="TRUE">latlng</attrlabl>
				<attalias Sync="TRUE">latlng</attalias>
				<attrtype Sync="TRUE">String</attrtype>
				<attwidth Sync="TRUE">50</attwidth>
				<atprecis Sync="TRUE">0</atprecis>
				<attscale Sync="TRUE">0</attscale>
			</attr>
			<attr>
				<attrlabl Sync="TRUE">Shape_Leng</attrlabl>
				<attalias Sync="TRUE">Shape_Leng</attalias>
				<attrtype Sync="TRUE">Double</attrtype>
				<attwidth Sync="TRUE">19</attwidth>
				<atprecis Sync="TRUE">0</atprecis>
				<attscale Sync="TRUE">0</attscale>
			</attr>
		</detailed>
	</eainfo>
	<mdDateSt Sync="TRUE">20170209</mdDateSt>
</metadata>
