<metadata xml:lang="en">
	<Esri>
		<CreaDate>20170208</CreaDate>
		<CreaTime>01002000</CreaTime>
		<ArcGISFormat>1.0</ArcGISFormat>
		<SyncOnce>FALSE</SyncOnce>
		<DataProperties>
			<lineage>
				<Process ToolSource="c:\program files (x86)\arcgis\desktop10.2\ArcToolbox\Toolboxes\Data Management Tools.tbx\CreateFeatureclass" Date="20170208" Time="010020">CreateFeatureclass C:\python_scripts\temp\invasives.gdb invasives_py POLYGON # DISABLED DISABLED "PROJCS['NAD_1983_UTM_Zone_15N',GEOGCS['GCS_North_American_1983',DATUM['D_North_American_1983',SPHEROID['GRS_1980',6378137.0,298.257222101]],PRIMEM['Greenwich',0.0],UNIT['Degree',0.0174532925199433]],PROJECTION['Transverse_Mercator'],PARAMETER['False_Easting',500000.0],PARAMETER['False_Northing',0.0],PARAMETER['Central_Meridian',-93.0],PARAMETER['Scale_Factor',0.9996],PARAMETER['Latitude_Of_Origin',0.0],UNIT['Meter',1.0]];-5120900 -9998100 10000;-100000 10000;-100000 10000;0.001;0.001;0.001;IsHighPrecision" # 0 0 0</Process>
				<Process ToolSource="c:\program files (x86)\arcgis\desktop10.2\ArcToolbox\Toolboxes\Data Management Tools.tbx\AddField" Date="20170208" Time="010022">AddField C:\python_scripts\temp\invasives.gdb\invasives_py id_number DOUBLE # # 10 "Unique ID Number" NULLABLE NON_REQUIRED #</Process>
				<Process ToolSource="c:\program files (x86)\arcgis\desktop10.2\ArcToolbox\Toolboxes\Data Management Tools.tbx\AddField" Date="20170208" Time="010023">AddField C:\python_scripts\temp\invasives.gdb\invasives_py subjectnumber DOUBLE # # 5 "Species Number" NULLABLE NON_REQUIRED #</Process>
				<Process ToolSource="c:\program files (x86)\arcgis\desktop10.2\ArcToolbox\Toolboxes\Data Management Tools.tbx\AddField" Date="20170208" Time="010024">AddField C:\python_scripts\temp\invasives.gdb\invasives_py commonname TEXT # # 60 "Common Name" NULLABLE NON_REQUIRED #</Process>
				<Process ToolSource="c:\program files (x86)\arcgis\desktop10.2\ArcToolbox\Toolboxes\Data Management Tools.tbx\AddField" Date="20170208" Time="010025">AddField C:\python_scripts\temp\invasives.gdb\invasives_py scientificname TEXT # # 100 "Scientific Name" NULLABLE NON_REQUIRED #</Process>
				<Process ToolSource="c:\program files (x86)\arcgis\desktop10.2\ArcToolbox\Toolboxes\Data Management Tools.tbx\AddField" Date="20170208" Time="010027">AddField C:\python_scripts\temp\invasives.gdb\invasives_py division TEXT # # 100 Division NULLABLE NON_REQUIRED #</Process>
				<Process ToolSource="c:\program files (x86)\arcgis\desktop10.2\ArcToolbox\Toolboxes\Data Management Tools.tbx\AddField" Date="20170208" Time="010028">AddField C:\python_scripts\temp\invasives.gdb\invasives_py category1 TEXT # # 100 "Category 1" NULLABLE NON_REQUIRED #</Process>
				<Process ToolSource="c:\program files (x86)\arcgis\desktop10.2\ArcToolbox\Toolboxes\Data Management Tools.tbx\AddField" Date="20170208" Time="010029">AddField C:\python_scripts\temp\invasives.gdb\invasives_py category2 TEXT # # 100 "Category 2" NULLABLE NON_REQUIRED #</Process>
				<Process ToolSource="c:\program files (x86)\arcgis\desktop10.2\ArcToolbox\Toolboxes\Data Management Tools.tbx\AddField" Date="20170208" Time="010030">AddField C:\python_scripts\temp\invasives.gdb\invasives_py observationdate TEXT # # 35 "Observation Date" NULLABLE NON_REQUIRED #</Process>
				<Process ToolSource="c:\program files (x86)\arcgis\desktop10.2\ArcToolbox\Toolboxes\Data Management Tools.tbx\AddField" Date="20170208" Time="010031">AddField C:\python_scripts\temp\invasives.gdb\invasives_py reporterid DOUBLE # # 5 "Reporter ID" NULLABLE NON_REQUIRED #</Process>
				<Process ToolSource="c:\program files (x86)\arcgis\desktop10.2\ArcToolbox\Toolboxes\Data Management Tools.tbx\AddField" Date="20170208" Time="010032">AddField C:\python_scripts\temp\invasives.gdb\invasives_py reporter TEXT # # 100 Reporter NULLABLE NON_REQUIRED #</Process>
				<Process ToolSource="c:\program files (x86)\arcgis\desktop10.2\ArcToolbox\Toolboxes\Data Management Tools.tbx\AddField" Date="20170208" Time="010033">AddField C:\python_scripts\temp\invasives.gdb\invasives_py srcname TEXT # # 100 "Source Organization" NULLABLE NON_REQUIRED #</Process>
				<Process ToolSource="c:\program files (x86)\arcgis\desktop10.2\ArcToolbox\Toolboxes\Data Management Tools.tbx\AddField" Date="20170208" Time="010034">AddField C:\python_scripts\temp\invasives.gdb\invasives_py surveyor TEXT # # 100 Surveyor NULLABLE NON_REQUIRED #</Process>
				<Process ToolSource="c:\program files (x86)\arcgis\desktop10.2\ArcToolbox\Toolboxes\Data Management Tools.tbx\AddField" Date="20170208" Time="010036">AddField C:\python_scripts\temp\invasives.gdb\invasives_py administrator TEXT # # 100 Administrator NULLABLE NON_REQUIRED #</Process>
				<Process ToolSource="c:\program files (x86)\arcgis\desktop10.2\ArcToolbox\Toolboxes\Data Management Tools.tbx\AddField" Date="20170208" Time="010037">AddField C:\python_scripts\temp\invasives.gdb\invasives_py unitname TEXT # # 100 "Unit Name" NULLABLE NON_REQUIRED #</Process>
				<Process ToolSource="c:\program files (x86)\arcgis\desktop10.2\ArcToolbox\Toolboxes\Data Management Tools.tbx\AddField" Date="20170208" Time="010038">AddField C:\python_scripts\temp\invasives.gdb\invasives_py unittype TEXT # # 100 "Unit Type" NULLABLE NON_REQUIRED #</Process>
				<Process ToolSource="c:\program files (x86)\arcgis\desktop10.2\ArcToolbox\Toolboxes\Data Management Tools.tbx\AddField" Date="20170208" Time="010039">AddField C:\python_scripts\temp\invasives.gdb\invasives_py administratingdivision TEXT # # 100 "Administrating Division" NULLABLE NON_REQUIRED #</Process>
				<Process ToolSource="c:\program files (x86)\arcgis\desktop10.2\ArcToolbox\Toolboxes\Data Management Tools.tbx\AddField" Date="20170208" Time="010040">AddField C:\python_scripts\temp\invasives.gdb\invasives_py datereviewed TEXT # # 35 "Date Verified" NULLABLE NON_REQUIRED #</Process>
				<Process ToolSource="c:\program files (x86)\arcgis\desktop10.2\ArcToolbox\Toolboxes\Data Management Tools.tbx\AddField" Date="20170208" Time="010041">AddField C:\python_scripts\temp\invasives.gdb\invasives_py reviewer TEXT # # 100 Verifier NULLABLE NON_REQUIRED #</Process>
				<Process ToolSource="c:\program files (x86)\arcgis\desktop10.2\ArcToolbox\Toolboxes\Data Management Tools.tbx\AddField" Date="20170208" Time="010042">AddField C:\python_scripts\temp\invasives.gdb\invasives_py confidence TEXT # # 50 Confidence NULLABLE NON_REQUIRED #</Process>
				<Process ToolSource="c:\program files (x86)\arcgis\desktop10.2\ArcToolbox\Toolboxes\Data Management Tools.tbx\AddField" Date="20170208" Time="010043">AddField C:\python_scripts\temp\invasives.gdb\invasives_py identificationcredibility TEXT # # 100 "Identification Credibility" NULLABLE NON_REQUIRED #</Process>
				<Process ToolSource="c:\program files (x86)\arcgis\desktop10.2\ArcToolbox\Toolboxes\Data Management Tools.tbx\AddField" Date="20170208" Time="010045">AddField C:\python_scripts\temp\invasives.gdb\invasives_py reporteraffiliation TEXT # # 100 "Reporter Affiliation" NULLABLE NON_REQUIRED #</Process>
				<Process ToolSource="c:\program files (x86)\arcgis\desktop10.2\ArcToolbox\Toolboxes\Data Management Tools.tbx\AddField" Date="20170208" Time="010046">AddField C:\python_scripts\temp\invasives.gdb\invasives_py reporteraffiliation2 TEXT # # 100 "Reporter Affiliation 2" NULLABLE NON_REQUIRED #</Process>
				<Process ToolSource="c:\program files (x86)\arcgis\desktop10.2\ArcToolbox\Toolboxes\Data Management Tools.tbx\AddField" Date="20170208" Time="010047">AddField C:\python_scripts\temp\invasives.gdb\invasives_py countyfips DOUBLE # # 5 "StateCounty FIPS" NULLABLE NON_REQUIRED #</Process>
				<Process ToolSource="c:\program files (x86)\arcgis\desktop10.2\ArcToolbox\Toolboxes\Data Management Tools.tbx\AddField" Date="20170208" Time="010048">AddField C:\python_scripts\temp\invasives.gdb\invasives_py county TEXT # # 30 County NULLABLE NON_REQUIRED #</Process>
				<Process ToolSource="c:\program files (x86)\arcgis\desktop10.2\ArcToolbox\Toolboxes\Data Management Tools.tbx\AddField" Date="20170208" Time="010049">AddField C:\python_scripts\temp\invasives.gdb\invasives_py city TEXT # # 30 City NULLABLE NON_REQUIRED #</Process>
				<Process ToolSource="c:\program files (x86)\arcgis\desktop10.2\ArcToolbox\Toolboxes\Data Management Tools.tbx\AddField" Date="20170208" Time="010051">AddField C:\python_scripts\temp\invasives.gdb\invasives_py locality TEXT # # 750 "Locality Description" NULLABLE NON_REQUIRED #</Process>
				<Process ToolSource="c:\program files (x86)\arcgis\desktop10.2\ArcToolbox\Toolboxes\Data Management Tools.tbx\AddField" Date="20170208" Time="010052">AddField C:\python_scripts\temp\invasives.gdb\invasives_py local_ownership TEXT # # 100 "Local Ownership" NULLABLE NON_REQUIRED #</Process>
				<Process ToolSource="c:\program files (x86)\arcgis\desktop10.2\ArcToolbox\Toolboxes\Data Management Tools.tbx\AddField" Date="20170208" Time="010053">AddField C:\python_scripts\temp\invasives.gdb\invasives_py national_ownership TEXT # # 100 "National Ownership" NULLABLE NON_REQUIRED #</Process>
				<Process ToolSource="c:\program files (x86)\arcgis\desktop10.2\ArcToolbox\Toolboxes\Data Management Tools.tbx\AddField" Date="20170208" Time="010054">AddField C:\python_scripts\temp\invasives.gdb\invasives_py sitename TEXT # # 200 "Site Name" NULLABLE NON_REQUIRED #</Process>
				<Process ToolSource="c:\program files (x86)\arcgis\desktop10.2\ArcToolbox\Toolboxes\Data Management Tools.tbx\AddField" Date="20170208" Time="010056">AddField C:\python_scripts\temp\invasives.gdb\invasives_py habitat TEXT # # 500 Habitat NULLABLE NON_REQUIRED #</Process>
				<Process ToolSource="c:\program files (x86)\arcgis\desktop10.2\ArcToolbox\Toolboxes\Data Management Tools.tbx\AddField" Date="20170208" Time="010057">AddField C:\python_scripts\temp\invasives.gdb\invasives_py canopycover TEXT # # 100 "Canopy Closure" NULLABLE NON_REQUIRED #</Process>
				<Process ToolSource="c:\program files (x86)\arcgis\desktop10.2\ArcToolbox\Toolboxes\Data Management Tools.tbx\AddField" Date="20170208" Time="010058">AddField C:\python_scripts\temp\invasives.gdb\invasives_py grossareainacres TEXT # # 30 "Gross Area in Acres" NULLABLE NON_REQUIRED #</Process>
				<Process ToolSource="c:\program files (x86)\arcgis\desktop10.2\ArcToolbox\Toolboxes\Data Management Tools.tbx\AddField" Date="20170208" Time="010058">AddField C:\python_scripts\temp\invasives.gdb\invasives_py abundance TEXT # # 50 Abundance NULLABLE NON_REQUIRED #</Process>
				<Process ToolSource="c:\program files (x86)\arcgis\desktop10.2\ArcToolbox\Toolboxes\Data Management Tools.tbx\AddField" Date="20170208" Time="010059">AddField C:\python_scripts\temp\invasives.gdb\invasives_py infestedareainacres TEXT # # 30 "Infested Area in Acres" NULLABLE NON_REQUIRED #</Process>
				<Process ToolSource="c:\program files (x86)\arcgis\desktop10.2\ArcToolbox\Toolboxes\Data Management Tools.tbx\AddField" Date="20170208" Time="010101">AddField C:\python_scripts\temp\invasives.gdb\invasives_py impactedresources TEXT # # 500 "Impacted Resources" NULLABLE NON_REQUIRED #</Process>
				<Process ToolSource="c:\program files (x86)\arcgis\desktop10.2\ArcToolbox\Toolboxes\Data Management Tools.tbx\AddField" Date="20170208" Time="010102">AddField C:\python_scripts\temp\invasives.gdb\invasives_py incidence TEXT # # 4 "Damage Severity" NULLABLE NON_REQUIRED #</Process>
				<Process ToolSource="c:\program files (x86)\arcgis\desktop10.2\ArcToolbox\Toolboxes\Data Management Tools.tbx\AddField" Date="20170208" Time="010103">AddField C:\python_scripts\temp\invasives.gdb\invasives_py incidenceunit TEXT # # 20 "Damage Severity Units" NULLABLE NON_REQUIRED #</Process>
				<Process ToolSource="c:\program files (x86)\arcgis\desktop10.2\ArcToolbox\Toolboxes\Data Management Tools.tbx\AddField" Date="20170208" Time="010105">AddField C:\python_scripts\temp\invasives.gdb\invasives_py severity TEXT # # 6 "Disease Impact" NULLABLE NON_REQUIRED #</Process>
				<Process ToolSource="c:\program files (x86)\arcgis\desktop10.2\ArcToolbox\Toolboxes\Data Management Tools.tbx\AddField" Date="20170208" Time="010106">AddField C:\python_scripts\temp\invasives.gdb\invasives_py severityunit TEXT # # 20 "Disease Impact Units" NULLABLE NON_REQUIRED #</Process>
				<Process ToolSource="c:\program files (x86)\arcgis\desktop10.2\ArcToolbox\Toolboxes\Data Management Tools.tbx\AddField" Date="20170208" Time="010107">AddField C:\python_scripts\temp\invasives.gdb\invasives_py disturbance TEXT # # 100 Disturbance NULLABLE NON_REQUIRED #</Process>
				<Process ToolSource="c:\program files (x86)\arcgis\desktop10.2\ArcToolbox\Toolboxes\Data Management Tools.tbx\AddField" Date="20170208" Time="010108">AddField C:\python_scripts\temp\invasives.gdb\invasives_py disturbanceage TEXT # # 4 "Years since Disturbance" NULLABLE NON_REQUIRED #</Process>
				<Process ToolSource="c:\program files (x86)\arcgis\desktop10.2\ArcToolbox\Toolboxes\Data Management Tools.tbx\AddField" Date="20170208" Time="010109">AddField C:\python_scripts\temp\invasives.gdb\invasives_py disturbsev TEXT # # 30 "Disturbance Severity" NULLABLE NON_REQUIRED #</Process>
				<Process ToolSource="c:\program files (x86)\arcgis\desktop10.2\ArcToolbox\Toolboxes\Data Management Tools.tbx\AddField" Date="20170208" Time="010110">AddField C:\python_scripts\temp\invasives.gdb\invasives_py percentcover TEXT # # 8 "Percent Invasive Cover" NULLABLE NON_REQUIRED #</Process>
				<Process ToolSource="c:\program files (x86)\arcgis\desktop10.2\ArcToolbox\Toolboxes\Data Management Tools.tbx\AddField" Date="20170208" Time="010111">AddField C:\python_scripts\temp\invasives.gdb\invasives_py aggressiveness TEXT # # 50 Aggressiveness NULLABLE NON_REQUIRED #</Process>
				<Process ToolSource="c:\program files (x86)\arcgis\desktop10.2\ArcToolbox\Toolboxes\Data Management Tools.tbx\AddField" Date="20170208" Time="010112">AddField C:\python_scripts\temp\invasives.gdb\invasives_py hostdamage TEXT # # 50 "Host Damage Severity" NULLABLE NON_REQUIRED #</Process>
				<Process ToolSource="c:\program files (x86)\arcgis\desktop10.2\ArcToolbox\Toolboxes\Data Management Tools.tbx\AddField" Date="20170208" Time="010113">AddField C:\python_scripts\temp\invasives.gdb\invasives_py density TEXT # # 50 Density NULLABLE NON_REQUIRED #</Process>
				<Process ToolSource="c:\program files (x86)\arcgis\desktop10.2\ArcToolbox\Toolboxes\Data Management Tools.tbx\AddField" Date="20170208" Time="010115">AddField C:\python_scripts\temp\invasives.gdb\invasives_py txabundance TEXT # # 50 "Damage Severity in Area" NULLABLE NON_REQUIRED #</Process>
				<Process ToolSource="c:\program files (x86)\arcgis\desktop10.2\ArcToolbox\Toolboxes\Data Management Tools.tbx\AddField" Date="20170208" Time="010116">AddField C:\python_scripts\temp\invasives.gdb\invasives_py txpatchtype TEXT # # 50 "Pattern of Damage" NULLABLE NON_REQUIRED #</Process>
				<Process ToolSource="c:\program files (x86)\arcgis\desktop10.2\ArcToolbox\Toolboxes\Data Management Tools.tbx\AddField" Date="20170208" Time="010118">AddField C:\python_scripts\temp\invasives.gdb\invasives_py visittype TEXT # # 50 "Purpose of Visit" NULLABLE NON_REQUIRED #</Process>
				<Process ToolSource="c:\program files (x86)\arcgis\desktop10.2\ArcToolbox\Toolboxes\Data Management Tools.tbx\AddField" Date="20170208" Time="010119">AddField C:\python_scripts\temp\invasives.gdb\invasives_py studytype TEXT # # 50 "Study Method" NULLABLE NON_REQUIRED #</Process>
				<Process ToolSource="c:\program files (x86)\arcgis\desktop10.2\ArcToolbox\Toolboxes\Data Management Tools.tbx\AddField" Date="20170208" Time="010120">AddField C:\python_scripts\temp\invasives.gdb\invasives_py projectmethod TEXT # # 50 "Method of Detection" NULLABLE NON_REQUIRED #</Process>
				<Process ToolSource="c:\program files (x86)\arcgis\desktop10.2\ArcToolbox\Toolboxes\Data Management Tools.tbx\AddField" Date="20170208" Time="010122">AddField C:\python_scripts\temp\invasives.gdb\invasives_py numberobserved TEXT # # 30 "Number of Individuals" NULLABLE NON_REQUIRED #</Process>
				<Process ToolSource="c:\program files (x86)\arcgis\desktop10.2\ArcToolbox\Toolboxes\Data Management Tools.tbx\AddField" Date="20170208" Time="010123">AddField C:\python_scripts\temp\invasives.gdb\invasives_py lifestatus TEXT # # 100 "Life Status" NULLABLE NON_REQUIRED #</Process>
				<Process ToolSource="c:\program files (x86)\arcgis\desktop10.2\ArcToolbox\Toolboxes\Data Management Tools.tbx\AddField" Date="20170208" Time="010124">AddField C:\python_scripts\temp\invasives.gdb\invasives_py sex TEXT # # 8 Sex NULLABLE NON_REQUIRED #</Process>
				<Process ToolSource="c:\program files (x86)\arcgis\desktop10.2\ArcToolbox\Toolboxes\Data Management Tools.tbx\AddField" Date="20170208" Time="010125">AddField C:\python_scripts\temp\invasives.gdb\invasives_py maturity TEXT # # 50 Maturity NULLABLE NON_REQUIRED #</Process>
				<Process ToolSource="c:\program files (x86)\arcgis\desktop10.2\ArcToolbox\Toolboxes\Data Management Tools.tbx\AddField" Date="20170208" Time="010126">AddField C:\python_scripts\temp\invasives.gdb\invasives_py phenology TEXT # # 200 "Life Stage" NULLABLE NON_REQUIRED #</Process>
				<Process ToolSource="c:\program files (x86)\arcgis\desktop10.2\ArcToolbox\Toolboxes\Data Management Tools.tbx\AddField" Date="20170208" Time="010128">AddField C:\python_scripts\temp\invasives.gdb\invasives_py largestobserved TEXT # # 8 "Approx Size Observed: Largest" NULLABLE NON_REQUIRED #</Process>
				<Process ToolSource="c:\program files (x86)\arcgis\desktop10.2\ArcToolbox\Toolboxes\Data Management Tools.tbx\AddField" Date="20170208" Time="010129">AddField C:\python_scripts\temp\invasives.gdb\invasives_py largestobservedunits TEXT # # 100 "Approx Size Observed Units: Largest" NULLABLE NON_REQUIRED #</Process>
				<Process ToolSource="c:\program files (x86)\arcgis\desktop10.2\ArcToolbox\Toolboxes\Data Management Tools.tbx\AddField" Date="20170208" Time="010131">AddField C:\python_scripts\temp\invasives.gdb\invasives_py smallestobserved TEXT # # 8 "Approx Size Observed: Smallest" NULLABLE NON_REQUIRED #</Process>
				<Process ToolSource="c:\program files (x86)\arcgis\desktop10.2\ArcToolbox\Toolboxes\Data Management Tools.tbx\AddField" Date="20170208" Time="010132">AddField C:\python_scripts\temp\invasives.gdb\invasives_py smallestobservedunits TEXT # # 100 "Approx Size Observed Units: Smallest" NULLABLE NON_REQUIRED #</Process>
				<Process ToolSource="c:\program files (x86)\arcgis\desktop10.2\ArcToolbox\Toolboxes\Data Management Tools.tbx\AddField" Date="20170208" Time="010133">AddField C:\python_scripts\temp\invasives.gdb\invasives_py waterbodytype TEXT # # 200 "Water Body Type" NULLABLE NON_REQUIRED #</Process>
				<Process ToolSource="c:\program files (x86)\arcgis\desktop10.2\ArcToolbox\Toolboxes\Data Management Tools.tbx\AddField" Date="20170208" Time="010134">AddField C:\python_scripts\temp\invasives.gdb\invasives_py waterbodyname TEXT # # 200 "Water Body Name" NULLABLE NON_REQUIRED #</Process>
				<Process ToolSource="c:\program files (x86)\arcgis\desktop10.2\ArcToolbox\Toolboxes\Data Management Tools.tbx\AddField" Date="20170208" Time="010136">AddField C:\python_scripts\temp\invasives.gdb\invasives_py downumber TEXT # # 30 "DOW Number" NULLABLE NON_REQUIRED #</Process>
				<Process ToolSource="c:\program files (x86)\arcgis\desktop10.2\ArcToolbox\Toolboxes\Data Management Tools.tbx\AddField" Date="20170208" Time="010137">AddField C:\python_scripts\temp\invasives.gdb\invasives_py stemcount TEXT # # 50 "Stem Count" NULLABLE NON_REQUIRED #</Process>
				<Process ToolSource="c:\program files (x86)\arcgis\desktop10.2\ArcToolbox\Toolboxes\Data Management Tools.tbx\AddField" Date="20170208" Time="010138">AddField C:\python_scripts\temp\invasives.gdb\invasives_py reference TEXT # # 400 Reference NULLABLE NON_REQUIRED #</Process>
				<Process ToolSource="c:\program files (x86)\arcgis\desktop10.2\ArcToolbox\Toolboxes\Data Management Tools.tbx\AddField" Date="20170208" Time="010139">AddField C:\python_scripts\temp\invasives.gdb\invasives_py comments TEXT # # 1000 Comments NULLABLE NON_REQUIRED #</Process>
				<Process ToolSource="c:\program files (x86)\arcgis\desktop10.2\ArcToolbox\Toolboxes\Data Management Tools.tbx\AddField" Date="20170208" Time="010140">AddField C:\python_scripts\temp\invasives.gdb\invasives_py treatment TEXT # # 200 Treatment NULLABLE NON_REQUIRED #</Process>
				<Process ToolSource="c:\program files (x86)\arcgis\desktop10.2\ArcToolbox\Toolboxes\Data Management Tools.tbx\AddField" Date="20170208" Time="010141">AddField C:\python_scripts\temp\invasives.gdb\invasives_py latitude_decimal DOUBLE # # 10 Latitude NULLABLE NON_REQUIRED #</Process>
				<Process ToolSource="c:\program files (x86)\arcgis\desktop10.2\ArcToolbox\Toolboxes\Data Management Tools.tbx\AddField" Date="20170208" Time="010142">AddField C:\python_scripts\temp\invasives.gdb\invasives_py longitude_decimal DOUBLE # # 10 Longitude NULLABLE NON_REQUIRED #</Process>
				<Process ToolSource="c:\program files (x86)\arcgis\desktop10.2\ArcToolbox\Toolboxes\Data Management Tools.tbx\AddField" Date="20170208" Time="010143">AddField C:\python_scripts\temp\invasives.gdb\invasives_py latlng TEXT # # 50 "Latitude Longitude" NULLABLE NON_REQUIRED #</Process>
				<Process ToolSource="c:\program files (x86)\arcgis\desktop10.2\ArcToolbox\Toolboxes\Data Management Tools.tbx\DeleteRows" Date="20170208" Time="010412">DeleteRows C:\python_scripts\temp\invasives.gdb\invasives_py</Process>
				<Process ToolSource="c:\program files (x86)\arcgis\desktop10.2\ArcToolbox\Toolboxes\Conversion Tools.tbx\FeatureClassToFeatureClass" Date="20170208" Time="170228">FeatureClassToFeatureClass C:\python_scripts\temp\invasives.gdb\invasives_py X:\\gisdata\\state\\mn\\invasives_eddmaps\env_invasive_aquatic_obs.gdb aquatic_invasive_species_observations_py "category2 = 'Aquatic Animals' OR category1 = 'Fish' OR category1 = 'Snails, Slugs, and Mussels' OR category1 = 'Aquatic Plants' OR commonname = 'loosestrife'" "Shape_Length "Shape_Length" false true true 8 Double 0 0 ,First,#,C:\python_scripts\temp\invasives.gdb\invasives_py,Shape_Length,-1,-1;Shape_Area "Shape_Area" false true true 8 Double 0 0 ,First,#,C:\python_scripts\temp\invasives.gdb\invasives_py,Shape_Area,-1,-1;id_number "Unique ID Number" true true false 8 Double 0 0 ,First,#,C:\python_scripts\temp\invasives.gdb\invasives_py,id_number,-1,-1;subjectnumber "Species Number" true true false 8 Double 0 0 ,First,#,C:\python_scripts\temp\invasives.gdb\invasives_py,subjectnumber,-1,-1;commonname "Common Name" true true false 60 Text 0 0 ,First,#,C:\python_scripts\temp\invasives.gdb\invasives_py,commonname,-1,-1;scientificname "Scientific Name" true true false 100 Text 0 0 ,First,#,C:\python_scripts\temp\invasives.gdb\invasives_py,scientificname,-1,-1;division "Division" true true false 100 Text 0 0 ,First,#,C:\python_scripts\temp\invasives.gdb\invasives_py,division,-1,-1;category1 "Category 1" true true false 100 Text 0 0 ,First,#,C:\python_scripts\temp\invasives.gdb\invasives_py,category1,-1,-1;category2 "Category 2" true true false 100 Text 0 0 ,First,#,C:\python_scripts\temp\invasives.gdb\invasives_py,category2,-1,-1;observationdate "Observation Date" true true false 35 Text 0 0 ,First,#,C:\python_scripts\temp\invasives.gdb\invasives_py,observationdate,-1,-1;reporterid "Reporter ID" true true false 8 Double 0 0 ,First,#,C:\python_scripts\temp\invasives.gdb\invasives_py,reporterid,-1,-1;reporter "Reporter" true true false 100 Text 0 0 ,First,#,C:\python_scripts\temp\invasives.gdb\invasives_py,reporter,-1,-1;srcname "Source Organization" true true false 100 Text 0 0 ,First,#,C:\python_scripts\temp\invasives.gdb\invasives_py,srcname,-1,-1;surveyor "Surveyor" true true false 100 Text 0 0 ,First,#,C:\python_scripts\temp\invasives.gdb\invasives_py,surveyor,-1,-1;administrator "Administrator" true true false 100 Text 0 0 ,First,#,C:\python_scripts\temp\invasives.gdb\invasives_py,administrator,-1,-1;unitname "Unit Name" true true false 100 Text 0 0 ,First,#,C:\python_scripts\temp\invasives.gdb\invasives_py,unitname,-1,-1;unittype "Unit Type" true true false 100 Text 0 0 ,First,#,C:\python_scripts\temp\invasives.gdb\invasives_py,unittype,-1,-1;administratingdivision "Administrating Division" true true false 100 Text 0 0 ,First,#,C:\python_scripts\temp\invasives.gdb\invasives_py,administratingdivision,-1,-1;datereviewed "Date Verified" true true false 35 Text 0 0 ,First,#,C:\python_scripts\temp\invasives.gdb\invasives_py,datereviewed,-1,-1;reviewer "Verifier" true true false 100 Text 0 0 ,First,#,C:\python_scripts\temp\invasives.gdb\invasives_py,reviewer,-1,-1;confidence "Confidence" true true false 50 Text 0 0 ,First,#,C:\python_scripts\temp\invasives.gdb\invasives_py,confidence,-1,-1;identificationcredibility "Identification Credibility" true true false 100 Text 0 0 ,First,#,C:\python_scripts\temp\invasives.gdb\invasives_py,identificationcredibility,-1,-1;reporteraffiliation "Reporter Affiliation" true true false 100 Text 0 0 ,First,#,C:\python_scripts\temp\invasives.gdb\invasives_py,reporteraffiliation,-1,-1;reporteraffiliation2 "Reporter Affiliation 2" true true false 100 Text 0 0 ,First,#,C:\python_scripts\temp\invasives.gdb\invasives_py,reporteraffiliation2,-1,-1;countyfips "StateCounty FIPS" true true false 8 Double 0 0 ,First,#,C:\python_scripts\temp\invasives.gdb\invasives_py,countyfips,-1,-1;county "County" true true false 30 Text 0 0 ,First,#,C:\python_scripts\temp\invasives.gdb\invasives_py,county,-1,-1;city "City" true true false 30 Text 0 0 ,First,#,C:\python_scripts\temp\invasives.gdb\invasives_py,city,-1,-1;locality "Locality Description" true true false 750 Text 0 0 ,First,#,C:\python_scripts\temp\invasives.gdb\invasives_py,locality,-1,-1;local_ownership "Local Ownership" true true false 100 Text 0 0 ,First,#,C:\python_scripts\temp\invasives.gdb\invasives_py,local_ownership,-1,-1;national_ownership "National Ownership" true true false 100 Text 0 0 ,First,#,C:\python_scripts\temp\invasives.gdb\invasives_py,national_ownership,-1,-1;sitename "Site Name" true true false 200 Text 0 0 ,First,#,C:\python_scripts\temp\invasives.gdb\invasives_py,sitename,-1,-1;habitat "Habitat" true true false 500 Text 0 0 ,First,#,C:\python_scripts\temp\invasives.gdb\invasives_py,habitat,-1,-1;canopycover "Canopy Closure" true true false 100 Text 0 0 ,First,#,C:\python_scripts\temp\invasives.gdb\invasives_py,canopycover,-1,-1;grossareainacres "Gross Area in Acres" true true false 30 Text 0 0 ,First,#,C:\python_scripts\temp\invasives.gdb\invasives_py,grossareainacres,-1,-1;abundance "Abundance" true true false 50 Text 0 0 ,First,#,C:\python_scripts\temp\invasives.gdb\invasives_py,abundance,-1,-1;infestedareainacres "Infested Area in Acres" true true false 30 Text 0 0 ,First,#,C:\python_scripts\temp\invasives.gdb\invasives_py,infestedareainacres,-1,-1;impactedresources "Impacted Resources" true true false 500 Text 0 0 ,First,#,C:\python_scripts\temp\invasives.gdb\invasives_py,impactedresources,-1,-1;incidence "Damage Severity" true true false 4 Text 0 0 ,First,#,C:\python_scripts\temp\invasives.gdb\invasives_py,incidence,-1,-1;incidenceunit "Damage Severity Units" true true false 20 Text 0 0 ,First,#,C:\python_scripts\temp\invasives.gdb\invasives_py,incidenceunit,-1,-1;severity "Disease Impact" true true false 6 Text 0 0 ,First,#,C:\python_scripts\temp\invasives.gdb\invasives_py,severity,-1,-1;severityunit "Disease Impact Units" true true false 20 Text 0 0 ,First,#,C:\python_scripts\temp\invasives.gdb\invasives_py,severityunit,-1,-1;disturbance "Disturbance" true true false 100 Text 0 0 ,First,#,C:\python_scripts\temp\invasives.gdb\invasives_py,disturbance,-1,-1;disturbanceage "Years since Disturbance" true true false 4 Text 0 0 ,First,#,C:\python_scripts\temp\invasives.gdb\invasives_py,disturbanceage,-1,-1;disturbsev "Disturbance Severity" true true false 30 Text 0 0 ,First,#,C:\python_scripts\temp\invasives.gdb\invasives_py,disturbsev,-1,-1;percentcover "Percent Invasive Cover" true true false 8 Text 0 0 ,First,#,C:\python_scripts\temp\invasives.gdb\invasives_py,percentcover,-1,-1;aggressiveness "Aggressiveness" true true false 50 Text 0 0 ,First,#,C:\python_scripts\temp\invasives.gdb\invasives_py,aggressiveness,-1,-1;hostdamage "Host Damage Severity" true true false 50 Text 0 0 ,First,#,C:\python_scripts\temp\invasives.gdb\invasives_py,hostdamage,-1,-1;density "Density" true true false 50 Text 0 0 ,First,#,C:\python_scripts\temp\invasives.gdb\invasives_py,density,-1,-1;txabundance "Damage Severity in Area" true true false 50 Text 0 0 ,First,#,C:\python_scripts\temp\invasives.gdb\invasives_py,txabundance,-1,-1;txpatchtype "Pattern of Damage" true true false 50 Text 0 0 ,First,#,C:\python_scripts\temp\invasives.gdb\invasives_py,txpatchtype,-1,-1;visittype "Purpose of Visit" true true false 50 Text 0 0 ,First,#,C:\python_scripts\temp\invasives.gdb\invasives_py,visittype,-1,-1;studytype "Study Method" true true false 50 Text 0 0 ,First,#,C:\python_scripts\temp\invasives.gdb\invasives_py,studytype,-1,-1;projectmethod "Method of Detection" true true false 50 Text 0 0 ,First,#,C:\python_scripts\temp\invasives.gdb\invasives_py,projectmethod,-1,-1;numberobserved "Number of Individuals" true true false 30 Text 0 0 ,First,#,C:\python_scripts\temp\invasives.gdb\invasives_py,numberobserved,-1,-1;lifestatus "Life Status" true true false 100 Text 0 0 ,First,#,C:\python_scripts\temp\invasives.gdb\invasives_py,lifestatus,-1,-1;sex "Sex" true true false 8 Text 0 0 ,First,#,C:\python_scripts\temp\invasives.gdb\invasives_py,sex,-1,-1;maturity "Maturity" true true false 50 Text 0 0 ,First,#,C:\python_scripts\temp\invasives.gdb\invasives_py,maturity,-1,-1;phenology "Life Stage" true true false 200 Text 0 0 ,First,#,C:\python_scripts\temp\invasives.gdb\invasives_py,phenology,-1,-1;largestobserved "Approx Size Observed: Largest" true true false 8 Text 0 0 ,First,#,C:\python_scripts\temp\invasives.gdb\invasives_py,largestobserved,-1,-1;largestobservedunits "Approx Size Observed Units: Largest" true true false 100 Text 0 0 ,First,#,C:\python_scripts\temp\invasives.gdb\invasives_py,largestobservedunits,-1,-1;smallestobserved "Approx Size Observed: Smallest" true true false 8 Text 0 0 ,First,#,C:\python_scripts\temp\invasives.gdb\invasives_py,smallestobserved,-1,-1;smallestobservedunits "Approx Size Observed Units: Smallest" true true false 100 Text 0 0 ,First,#,C:\python_scripts\temp\invasives.gdb\invasives_py,smallestobservedunits,-1,-1;waterbodytype "Water Body Type" true true false 200 Text 0 0 ,First,#,C:\python_scripts\temp\invasives.gdb\invasives_py,waterbodytype,-1,-1;waterbodyname "Water Body Name" true true false 200 Text 0 0 ,First,#,C:\python_scripts\temp\invasives.gdb\invasives_py,waterbodyname,-1,-1;downumber "DOW Number" true true false 30 Text 0 0 ,First,#,C:\python_scripts\temp\invasives.gdb\invasives_py,downumber,-1,-1;stemcount "Stem Count" true true false 50 Text 0 0 ,First,#,C:\python_scripts\temp\invasives.gdb\invasives_py,stemcount,-1,-1;reference "Reference" true true false 400 Text 0 0 ,First,#,C:\python_scripts\temp\invasives.gdb\invasives_py,reference,-1,-1;comments "Comments" true true false 1000 Text 0 0 ,First,#,C:\python_scripts\temp\invasives.gdb\invasives_py,comments,-1,-1;treatment "Treatment" true true false 200 Text 0 0 ,First,#,C:\python_scripts\temp\invasives.gdb\invasives_py,treatment,-1,-1;latitude_decimal "Latitude" true true false 8 Double 0 0 ,First,#,C:\python_scripts\temp\invasives.gdb\invasives_py,latitude_decimal,-1,-1;longitude_decimal "Longitude" true true false 8 Double 0 0 ,First,#,C:\python_scripts\temp\invasives.gdb\invasives_py,longitude_decimal,-1,-1;latlng "Latitude Longitude" true true false 50 Text 0 0 ,First,#,C:\python_scripts\temp\invasives.gdb\invasives_py,latlng,-1,-1" #</Process>
				<Process ToolSource="c:\program files (x86)\arcgis\desktop10.2\ArcToolbox\Toolboxes\Data Management Tools.tbx\AddIndex" Date="20170208" Time="170422">AddIndex X:\\gisdata\\state\\mn\\invasives_eddmaps\env_invasive_aquatic_obs.gdb\aquatic_invasive_species_observations_py scientificname apy_scinameIndex NON_UNIQUE NON_ASCENDING</Process>
				<Process ToolSource="c:\program files (x86)\arcgis\desktop10.2\ArcToolbox\Toolboxes\Data Management Tools.tbx\AddIndex" Date="20170208" Time="170425">AddIndex X:\\gisdata\\state\\mn\\invasives_eddmaps\env_invasive_aquatic_obs.gdb\aquatic_invasive_species_observations_py commonname apy_comnameIndex NON_UNIQUE NON_ASCENDING</Process>
				<Process ToolSource="C:\program files\arcgis\server\ArcToolbox\Toolboxes\Conversion Tools.tbx\FeatureClassToFeatureClass" Date="20170209" Time="235400">FeatureClassToFeatureClass /var/ftp/gdrs_temp/update\us_mn_state_dnr\env_invasive_aquatic_obs\fgdb\env_invasive_aquatic_obs.gdb\aquatic_invasive_species_observations_py /var/ftp/gdrs_temp/update\us_mn_state_dnr\env_invasive_aquatic_obs\shp aquatic_invasive_species_observations_py.shp # "id_number "Unique ID Number" true true false 8 Double 0 0 ,First,#,/var/ftp/gdrs_temp/update\us_mn_state_dnr\env_invasive_aquatic_obs\fgdb\env_invasive_aquatic_obs.gdb\aquatic_invasive_species_observations_py,id_number,-1,-1;subjectnum "Species Number" true true false 8 Double 0 0 ,First,#,/var/ftp/gdrs_temp/update\us_mn_state_dnr\env_invasive_aquatic_obs\fgdb\env_invasive_aquatic_obs.gdb\aquatic_invasive_species_observations_py,subjectnumber,-1,-1;commonname "Common Name" true true false 60 Text 0 0 ,First,#,/var/ftp/gdrs_temp/update\us_mn_state_dnr\env_invasive_aquatic_obs\fgdb\env_invasive_aquatic_obs.gdb\aquatic_invasive_species_observations_py,commonname,-1,-1;scientific "Scientific Name" true true false 100 Text 0 0 ,First,#,/var/ftp/gdrs_temp/update\us_mn_state_dnr\env_invasive_aquatic_obs\fgdb\env_invasive_aquatic_obs.gdb\aquatic_invasive_species_observations_py,scientificname,-1,-1;division "Division" true true false 100 Text 0 0 ,First,#,/var/ftp/gdrs_temp/update\us_mn_state_dnr\env_invasive_aquatic_obs\fgdb\env_invasive_aquatic_obs.gdb\aquatic_invasive_species_observations_py,division,-1,-1;category1 "Category 1" true true false 100 Text 0 0 ,First,#,/var/ftp/gdrs_temp/update\us_mn_state_dnr\env_invasive_aquatic_obs\fgdb\env_invasive_aquatic_obs.gdb\aquatic_invasive_species_observations_py,category1,-1,-1;category2 "Category 2" true true false 100 Text 0 0 ,First,#,/var/ftp/gdrs_temp/update\us_mn_state_dnr\env_invasive_aquatic_obs\fgdb\env_invasive_aquatic_obs.gdb\aquatic_invasive_species_observations_py,category2,-1,-1;observatio "Observation Date" true true false 35 Text 0 0 ,First,#,/var/ftp/gdrs_temp/update\us_mn_state_dnr\env_invasive_aquatic_obs\fgdb\env_invasive_aquatic_obs.gdb\aquatic_invasive_species_observations_py,observationdate,-1,-1;reporterid "Reporter ID" true true false 8 Double 0 0 ,First,#,/var/ftp/gdrs_temp/update\us_mn_state_dnr\env_invasive_aquatic_obs\fgdb\env_invasive_aquatic_obs.gdb\aquatic_invasive_species_observations_py,reporterid,-1,-1;reporter "Reporter" true true false 100 Text 0 0 ,First,#,/var/ftp/gdrs_temp/update\us_mn_state_dnr\env_invasive_aquatic_obs\fgdb\env_invasive_aquatic_obs.gdb\aquatic_invasive_species_observations_py,reporter,-1,-1;srcname "Source Organization" true true false 100 Text 0 0 ,First,#,/var/ftp/gdrs_temp/update\us_mn_state_dnr\env_invasive_aquatic_obs\fgdb\env_invasive_aquatic_obs.gdb\aquatic_invasive_species_observations_py,srcname,-1,-1;surveyor "Surveyor" true true false 100 Text 0 0 ,First,#,/var/ftp/gdrs_temp/update\us_mn_state_dnr\env_invasive_aquatic_obs\fgdb\env_invasive_aquatic_obs.gdb\aquatic_invasive_species_observations_py,surveyor,-1,-1;administra "Administrator" true true false 100 Text 0 0 ,First,#,/var/ftp/gdrs_temp/update\us_mn_state_dnr\env_invasive_aquatic_obs\fgdb\env_invasive_aquatic_obs.gdb\aquatic_invasive_species_observations_py,administrator,-1,-1;unitname "Unit Name" true true false 100 Text 0 0 ,First,#,/var/ftp/gdrs_temp/update\us_mn_state_dnr\env_invasive_aquatic_obs\fgdb\env_invasive_aquatic_obs.gdb\aquatic_invasive_species_observations_py,unitname,-1,-1;unittype "Unit Type" true true false 100 Text 0 0 ,First,#,/var/ftp/gdrs_temp/update\us_mn_state_dnr\env_invasive_aquatic_obs\fgdb\env_invasive_aquatic_obs.gdb\aquatic_invasive_species_observations_py,unittype,-1,-1;administ_1 "Administrating Division" true true false 100 Text 0 0 ,First,#,/var/ftp/gdrs_temp/update\us_mn_state_dnr\env_invasive_aquatic_obs\fgdb\env_invasive_aquatic_obs.gdb\aquatic_invasive_species_observations_py,administratingdivision,-1,-1;datereview "Date Verified" true true false 35 Text 0 0 ,First,#,/var/ftp/gdrs_temp/update\us_mn_state_dnr\env_invasive_aquatic_obs\fgdb\env_invasive_aquatic_obs.gdb\aquatic_invasive_species_observations_py,datereviewed,-1,-1;reviewer "Verifier" true true false 100 Text 0 0 ,First,#,/var/ftp/gdrs_temp/update\us_mn_state_dnr\env_invasive_aquatic_obs\fgdb\env_invasive_aquatic_obs.gdb\aquatic_invasive_species_observations_py,reviewer,-1,-1;confidence "Confidence" true true false 50 Text 0 0 ,First,#,/var/ftp/gdrs_temp/update\us_mn_state_dnr\env_invasive_aquatic_obs\fgdb\env_invasive_aquatic_obs.gdb\aquatic_invasive_species_observations_py,confidence,-1,-1;identifica "Identification Credibility" true true false 100 Text 0 0 ,First,#,/var/ftp/gdrs_temp/update\us_mn_state_dnr\env_invasive_aquatic_obs\fgdb\env_invasive_aquatic_obs.gdb\aquatic_invasive_species_observations_py,identificationcredibility,-1,-1;reporteraf "Reporter Affiliation" true true false 100 Text 0 0 ,First,#,/var/ftp/gdrs_temp/update\us_mn_state_dnr\env_invasive_aquatic_obs\fgdb\env_invasive_aquatic_obs.gdb\aquatic_invasive_species_observations_py,reporteraffiliation,-1,-1;reporter_1 "Reporter Affiliation 2" true true false 100 Text 0 0 ,First,#,/var/ftp/gdrs_temp/update\us_mn_state_dnr\env_invasive_aquatic_obs\fgdb\env_invasive_aquatic_obs.gdb\aquatic_invasive_species_observations_py,reporteraffiliation2,-1,-1;countyfips "StateCounty FIPS" true true false 8 Double 0 0 ,First,#,/var/ftp/gdrs_temp/update\us_mn_state_dnr\env_invasive_aquatic_obs\fgdb\env_invasive_aquatic_obs.gdb\aquatic_invasive_species_observations_py,countyfips,-1,-1;county "County" true true false 30 Text 0 0 ,First,#,/var/ftp/gdrs_temp/update\us_mn_state_dnr\env_invasive_aquatic_obs\fgdb\env_invasive_aquatic_obs.gdb\aquatic_invasive_species_observations_py,county,-1,-1;city "City" true true false 30 Text 0 0 ,First,#,/var/ftp/gdrs_temp/update\us_mn_state_dnr\env_invasive_aquatic_obs\fgdb\env_invasive_aquatic_obs.gdb\aquatic_invasive_species_observations_py,city,-1,-1;locality "Locality Description" true true false 750 Text 0 0 ,First,#,/var/ftp/gdrs_temp/update\us_mn_state_dnr\env_invasive_aquatic_obs\fgdb\env_invasive_aquatic_obs.gdb\aquatic_invasive_species_observations_py,locality,-1,-1;local_owne "Local Ownership" true true false 100 Text 0 0 ,First,#,/var/ftp/gdrs_temp/update\us_mn_state_dnr\env_invasive_aquatic_obs\fgdb\env_invasive_aquatic_obs.gdb\aquatic_invasive_species_observations_py,local_ownership,-1,-1;national_o "National Ownership" true true false 100 Text 0 0 ,First,#,/var/ftp/gdrs_temp/update\us_mn_state_dnr\env_invasive_aquatic_obs\fgdb\env_invasive_aquatic_obs.gdb\aquatic_invasive_species_observations_py,national_ownership,-1,-1;sitename "Site Name" true true false 200 Text 0 0 ,First,#,/var/ftp/gdrs_temp/update\us_mn_state_dnr\env_invasive_aquatic_obs\fgdb\env_invasive_aquatic_obs.gdb\aquatic_invasive_species_observations_py,sitename,-1,-1;habitat "Habitat" true true false 500 Text 0 0 ,First,#,/var/ftp/gdrs_temp/update\us_mn_state_dnr\env_invasive_aquatic_obs\fgdb\env_invasive_aquatic_obs.gdb\aquatic_invasive_species_observations_py,habitat,-1,-1;canopycove "Canopy Closure" true true false 100 Text 0 0 ,First,#,/var/ftp/gdrs_temp/update\us_mn_state_dnr\env_invasive_aquatic_obs\fgdb\env_invasive_aquatic_obs.gdb\aquatic_invasive_species_observations_py,canopycover,-1,-1;grossareai "Gross Area in Acres" true true false 30 Text 0 0 ,First,#,/var/ftp/gdrs_temp/update\us_mn_state_dnr\env_invasive_aquatic_obs\fgdb\env_invasive_aquatic_obs.gdb\aquatic_invasive_species_observations_py,grossareainacres,-1,-1;abundance "Abundance" true true false 50 Text 0 0 ,First,#,/var/ftp/gdrs_temp/update\us_mn_state_dnr\env_invasive_aquatic_obs\fgdb\env_invasive_aquatic_obs.gdb\aquatic_invasive_species_observations_py,abundance,-1,-1;infestedar "Infested Area in Acres" true true false 30 Text 0 0 ,First,#,/var/ftp/gdrs_temp/update\us_mn_state_dnr\env_invasive_aquatic_obs\fgdb\env_invasive_aquatic_obs.gdb\aquatic_invasive_species_observations_py,infestedareainacres,-1,-1;impactedre "Impacted Resources" true true false 500 Text 0 0 ,First,#,/var/ftp/gdrs_temp/update\us_mn_state_dnr\env_invasive_aquatic_obs\fgdb\env_invasive_aquatic_obs.gdb\aquatic_invasive_species_observations_py,impactedresources,-1,-1;incidence "Damage Severity" true true false 4 Text 0 0 ,First,#,/var/ftp/gdrs_temp/update\us_mn_state_dnr\env_invasive_aquatic_obs\fgdb\env_invasive_aquatic_obs.gdb\aquatic_invasive_species_observations_py,incidence,-1,-1;incidenceu "Damage Severity Units" true true false 20 Text 0 0 ,First,#,/var/ftp/gdrs_temp/update\us_mn_state_dnr\env_invasive_aquatic_obs\fgdb\env_invasive_aquatic_obs.gdb\aquatic_invasive_species_observations_py,incidenceunit,-1,-1;severity "Disease Impact" true true false 6 Text 0 0 ,First,#,/var/ftp/gdrs_temp/update\us_mn_state_dnr\env_invasive_aquatic_obs\fgdb\env_invasive_aquatic_obs.gdb\aquatic_invasive_species_observations_py,severity,-1,-1;severityun "Disease Impact Units" true true false 20 Text 0 0 ,First,#,/var/ftp/gdrs_temp/update\us_mn_state_dnr\env_invasive_aquatic_obs\fgdb\env_invasive_aquatic_obs.gdb\aquatic_invasive_species_observations_py,severityunit,-1,-1;disturbanc "Disturbance" true true false 100 Text 0 0 ,First,#,/var/ftp/gdrs_temp/update\us_mn_state_dnr\env_invasive_aquatic_obs\fgdb\env_invasive_aquatic_obs.gdb\aquatic_invasive_species_observations_py,disturbance,-1,-1;disturba_1 "Years since Disturbance" true true false 4 Text 0 0 ,First,#,/var/ftp/gdrs_temp/update\us_mn_state_dnr\env_invasive_aquatic_obs\fgdb\env_invasive_aquatic_obs.gdb\aquatic_invasive_species_observations_py,disturbanceage,-1,-1;disturbsev "Disturbance Severity" true true false 30 Text 0 0 ,First,#,/var/ftp/gdrs_temp/update\us_mn_state_dnr\env_invasive_aquatic_obs\fgdb\env_invasive_aquatic_obs.gdb\aquatic_invasive_species_observations_py,disturbsev,-1,-1;percentcov "Percent Invasive Cover" true true false 8 Text 0 0 ,First,#,/var/ftp/gdrs_temp/update\us_mn_state_dnr\env_invasive_aquatic_obs\fgdb\env_invasive_aquatic_obs.gdb\aquatic_invasive_species_observations_py,percentcover,-1,-1;aggressive "Aggressiveness" true true false 50 Text 0 0 ,First,#,/var/ftp/gdrs_temp/update\us_mn_state_dnr\env_invasive_aquatic_obs\fgdb\env_invasive_aquatic_obs.gdb\aquatic_invasive_species_observations_py,aggressiveness,-1,-1;hostdamage "Host Damage Severity" true true false 50 Text 0 0 ,First,#,/var/ftp/gdrs_temp/update\us_mn_state_dnr\env_invasive_aquatic_obs\fgdb\env_invasive_aquatic_obs.gdb\aquatic_invasive_species_observations_py,hostdamage,-1,-1;density "Density" true true false 50 Text 0 0 ,First,#,/var/ftp/gdrs_temp/update\us_mn_state_dnr\env_invasive_aquatic_obs\fgdb\env_invasive_aquatic_obs.gdb\aquatic_invasive_species_observations_py,density,-1,-1;txabundanc "Damage Severity in Area" true true false 50 Text 0 0 ,First,#,/var/ftp/gdrs_temp/update\us_mn_state_dnr\env_invasive_aquatic_obs\fgdb\env_invasive_aquatic_obs.gdb\aquatic_invasive_species_observations_py,txabundance,-1,-1;txpatchtyp "Pattern of Damage" true true false 50 Text 0 0 ,First,#,/var/ftp/gdrs_temp/update\us_mn_state_dnr\env_invasive_aquatic_obs\fgdb\env_invasive_aquatic_obs.gdb\aquatic_invasive_species_observations_py,txpatchtype,-1,-1;visittype "Purpose of Visit" true true false 50 Text 0 0 ,First,#,/var/ftp/gdrs_temp/update\us_mn_state_dnr\env_invasive_aquatic_obs\fgdb\env_invasive_aquatic_obs.gdb\aquatic_invasive_species_observations_py,visittype,-1,-1;studytype "Study Method" true true false 50 Text 0 0 ,First,#,/var/ftp/gdrs_temp/update\us_mn_state_dnr\env_invasive_aquatic_obs\fgdb\env_invasive_aquatic_obs.gdb\aquatic_invasive_species_observations_py,studytype,-1,-1;projectmet "Method of Detection" true true false 50 Text 0 0 ,First,#,/var/ftp/gdrs_temp/update\us_mn_state_dnr\env_invasive_aquatic_obs\fgdb\env_invasive_aquatic_obs.gdb\aquatic_invasive_species_observations_py,projectmethod,-1,-1;numberobse "Number of Individuals" true true false 30 Text 0 0 ,First,#,/var/ftp/gdrs_temp/update\us_mn_state_dnr\env_invasive_aquatic_obs\fgdb\env_invasive_aquatic_obs.gdb\aquatic_invasive_species_observations_py,numberobserved,-1,-1;lifestatus "Life Status" true true false 100 Text 0 0 ,First,#,/var/ftp/gdrs_temp/update\us_mn_state_dnr\env_invasive_aquatic_obs\fgdb\env_invasive_aquatic_obs.gdb\aquatic_invasive_species_observations_py,lifestatus,-1,-1;sex "Sex" true true false 8 Text 0 0 ,First,#,/var/ftp/gdrs_temp/update\us_mn_state_dnr\env_invasive_aquatic_obs\fgdb\env_invasive_aquatic_obs.gdb\aquatic_invasive_species_observations_py,sex,-1,-1;maturity "Maturity" true true false 50 Text 0 0 ,First,#,/var/ftp/gdrs_temp/update\us_mn_state_dnr\env_invasive_aquatic_obs\fgdb\env_invasive_aquatic_obs.gdb\aquatic_invasive_species_observations_py,maturity,-1,-1;phenology "Life Stage" true true false 200 Text 0 0 ,First,#,/var/ftp/gdrs_temp/update\us_mn_state_dnr\env_invasive_aquatic_obs\fgdb\env_invasive_aquatic_obs.gdb\aquatic_invasive_species_observations_py,phenology,-1,-1;largestobs "Approx Size Observed: Largest" true true false 8 Text 0 0 ,First,#,/var/ftp/gdrs_temp/update\us_mn_state_dnr\env_invasive_aquatic_obs\fgdb\env_invasive_aquatic_obs.gdb\aquatic_invasive_species_observations_py,largestobserved,-1,-1;largesto_1 "Approx Size Observed Units: Largest" true true false 100 Text 0 0 ,First,#,/var/ftp/gdrs_temp/update\us_mn_state_dnr\env_invasive_aquatic_obs\fgdb\env_invasive_aquatic_obs.gdb\aquatic_invasive_species_observations_py,largestobservedunits,-1,-1;smallestob "Approx Size Observed: Smallest" true true false 8 Text 0 0 ,First,#,/var/ftp/gdrs_temp/update\us_mn_state_dnr\env_invasive_aquatic_obs\fgdb\env_invasive_aquatic_obs.gdb\aquatic_invasive_species_observations_py,smallestobserved,-1,-1;smallest_1 "Approx Size Observed Units: Smallest" true true false 100 Text 0 0 ,First,#,/var/ftp/gdrs_temp/update\us_mn_state_dnr\env_invasive_aquatic_obs\fgdb\env_invasive_aquatic_obs.gdb\aquatic_invasive_species_observations_py,smallestobservedunits,-1,-1;waterbodyt "Water Body Type" true true false 200 Text 0 0 ,First,#,/var/ftp/gdrs_temp/update\us_mn_state_dnr\env_invasive_aquatic_obs\fgdb\env_invasive_aquatic_obs.gdb\aquatic_invasive_species_observations_py,waterbodytype,-1,-1;waterbodyn "Water Body Name" true true false 200 Text 0 0 ,First,#,/var/ftp/gdrs_temp/update\us_mn_state_dnr\env_invasive_aquatic_obs\fgdb\env_invasive_aquatic_obs.gdb\aquatic_invasive_species_observations_py,waterbodyname,-1,-1;downumber "DOW Number" true true false 30 Text 0 0 ,First,#,/var/ftp/gdrs_temp/update\us_mn_state_dnr\env_invasive_aquatic_obs\fgdb\env_invasive_aquatic_obs.gdb\aquatic_invasive_species_observations_py,downumber,-1,-1;stemcount "Stem Count" true true false 50 Text 0 0 ,First,#,/var/ftp/gdrs_temp/update\us_mn_state_dnr\env_invasive_aquatic_obs\fgdb\env_invasive_aquatic_obs.gdb\aquatic_invasive_species_observations_py,stemcount,-1,-1;reference "Reference" true true false 400 Text 0 0 ,First,#,/var/ftp/gdrs_temp/update\us_mn_state_dnr\env_invasive_aquatic_obs\fgdb\env_invasive_aquatic_obs.gdb\aquatic_invasive_species_observations_py,reference,-1,-1;comments "Comments" true true false 1000 Text 0 0 ,First,#,/var/ftp/gdrs_temp/update\us_mn_state_dnr\env_invasive_aquatic_obs\fgdb\env_invasive_aquatic_obs.gdb\aquatic_invasive_species_observations_py,comments,-1,-1;treatment "Treatment" true true false 200 Text 0 0 ,First,#,/var/ftp/gdrs_temp/update\us_mn_state_dnr\env_invasive_aquatic_obs\fgdb\env_invasive_aquatic_obs.gdb\aquatic_invasive_species_observations_py,treatment,-1,-1;latitude_d "Latitude" true true false 8 Double 0 0 ,First,#,/var/ftp/gdrs_temp/update\us_mn_state_dnr\env_invasive_aquatic_obs\fgdb\env_invasive_aquatic_obs.gdb\aquatic_invasive_species_observations_py,latitude_decimal,-1,-1;longitude_ "Longitude" true true false 8 Double 0 0 ,First,#,/var/ftp/gdrs_temp/update\us_mn_state_dnr\env_invasive_aquatic_obs\fgdb\env_invasive_aquatic_obs.gdb\aquatic_invasive_species_observations_py,longitude_decimal,-1,-1;latlng "Latitude Longitude" true true false 50 Text 0 0 ,First,#,/var/ftp/gdrs_temp/update\us_mn_state_dnr\env_invasive_aquatic_obs\fgdb\env_invasive_aquatic_obs.gdb\aquatic_invasive_species_observations_py,latlng,-1,-1;Shape_Leng "Shape_Leng" false true true 8 Double 0 0 ,First,#,/var/ftp/gdrs_temp/update\us_mn_state_dnr\env_invasive_aquatic_obs\fgdb\env_invasive_aquatic_obs.gdb\aquatic_invasive_species_observations_py,Shape_Length,-1,-1;Shape_Area "Shape_Area" false true true 8 Double 0 0 ,First,#,/var/ftp/gdrs_temp/update\us_mn_state_dnr\env_invasive_aquatic_obs\fgdb\env_invasive_aquatic_obs.gdb\aquatic_invasive_species_observations_py,Shape_Area,-1,-1" #</Process>
			</lineage>
			<itemProps>
				<itemName Sync="TRUE">aquatic_invasive_species_observations_py</itemName>
				<imsContentType Sync="TRUE">002</imsContentType>
				<itemLocation>
					<linkage Sync="TRUE">file://\\g46palgdrftp001\Z\var\ftp\gdrs_temp\update\us_mn_state_dnr\env_invasive_aquatic_obs\shp\aquatic_invasive_species_observations_py.shp</linkage>
					<protocol Sync="TRUE">Local Area Network</protocol>
				</itemLocation>
				<itemSize Sync="TRUE">0.000</itemSize>
			</itemProps>
			<coordRef>
				<type Sync="TRUE">Projected</type>
				<geogcsn Sync="TRUE">GCS_North_American_1983</geogcsn>
				<csUnits Sync="TRUE">Linear Unit: Meter (1.000000)</csUnits>
				<projcsn Sync="TRUE">NAD_1983_UTM_Zone_15N</projcsn>
				<peXml Sync="TRUE">&lt;ProjectedCoordinateSystem xsi:type='typens:ProjectedCoordinateSystem' xmlns:xsi='http://www.w3.org/2001/XMLSchema-instance' xmlns:xs='http://www.w3.org/2001/XMLSchema' xmlns:typens='http://www.esri.com/schemas/ArcGIS/10.4'&gt;&lt;WKT&gt;PROJCS[&amp;quot;NAD_1983_UTM_Zone_15N&amp;quot;,GEOGCS[&amp;quot;GCS_North_American_1983&amp;quot;,DATUM[&amp;quot;D_North_American_1983&amp;quot;,SPHEROID[&amp;quot;GRS_1980&amp;quot;,6378137.0,298.257222101]],PRIMEM[&amp;quot;Greenwich&amp;quot;,0.0],UNIT[&amp;quot;Degree&amp;quot;,0.0174532925199433]],PROJECTION[&amp;quot;Transverse_Mercator&amp;quot;],PARAMETER[&amp;quot;False_Easting&amp;quot;,500000.0],PARAMETER[&amp;quot;False_Northing&amp;quot;,0.0],PARAMETER[&amp;quot;Central_Meridian&amp;quot;,-93.0],PARAMETER[&amp;quot;Scale_Factor&amp;quot;,0.9996],PARAMETER[&amp;quot;Latitude_Of_Origin&amp;quot;,0.0],UNIT[&amp;quot;Meter&amp;quot;,1.0],AUTHORITY[&amp;quot;EPSG&amp;quot;,26915]]&lt;/WKT&gt;&lt;XOrigin&gt;-5120900&lt;/XOrigin&gt;&lt;YOrigin&gt;-9998100&lt;/YOrigin&gt;&lt;XYScale&gt;450445547.3910538&lt;/XYScale&gt;&lt;ZOrigin&gt;-100000&lt;/ZOrigin&gt;&lt;ZScale&gt;10000&lt;/ZScale&gt;&lt;MOrigin&gt;-100000&lt;/MOrigin&gt;&lt;MScale&gt;10000&lt;/MScale&gt;&lt;XYTolerance&gt;0.001&lt;/XYTolerance&gt;&lt;ZTolerance&gt;0.001&lt;/ZTolerance&gt;&lt;MTolerance&gt;0.001&lt;/MTolerance&gt;&lt;HighPrecision&gt;true&lt;/HighPrecision&gt;&lt;WKID&gt;26915&lt;/WKID&gt;&lt;LatestWKID&gt;26915&lt;/LatestWKID&gt;&lt;/ProjectedCoordinateSystem&gt;</peXml>
			</coordRef>
		</DataProperties>
		<SyncDate>20170209</SyncDate>
		<SyncTime>23540000</SyncTime>
		<ModDate>20170209</ModDate>
		<ModTime>23540000</ModTime>
	</Esri>
	<dataIdInfo>
		<envirDesc Sync="TRUE">Microsoft Windows XP Professional x64 Edition Version 5.2 (Build 3790) Service Pack 2; Esri ArcGIS 10.4.1.5686</envirDesc>
		<dataLang>
			<languageCode value="en" Sync="TRUE"/>
			<countryCode value="US" Sync="TRUE"/>
		</dataLang>
		<idCitation>
			<resTitle Sync="TRUE">aquatic_invasive_species_observations_py</resTitle>
			<presForm>
				<PresFormCd value="005" Sync="TRUE"/>
			</presForm>
		</idCitation>
		<spatRpType>
			<SpatRepTypCd value="001" Sync="TRUE"/>
		</spatRpType>
	</dataIdInfo>
	<mdLang>
		<languageCode value="en" Sync="TRUE"/>
		<countryCode value="US" Sync="TRUE"/>
	</mdLang>
	<distInfo>
		<distFormat>
			<formatName Sync="TRUE">Shapefile</formatName>
		</distFormat>
		<distTranOps>
			<transSize Sync="TRUE">0.000</transSize>
		</distTranOps>
	</distInfo>
	<mdHrLv>
		<ScopeCd value="005" Sync="TRUE"/>
	</mdHrLv>
	<mdHrLvName Sync="TRUE">dataset</mdHrLvName>
	<refSysInfo>
		<RefSystem>
			<refSysID>
				<identCode code="26915" Sync="TRUE"/>
				<idCodeSpace Sync="TRUE">EPSG</idCodeSpace>
				<idVersion Sync="TRUE">6.13(3.0.1)</idVersion>
			</refSysID>
		</RefSystem>
	</refSysInfo>
	<spatRepInfo>
		<VectSpatRep>
			<geometObjs Name="aquatic_invasive_species_observations_py">
				<geoObjTyp>
					<GeoObjTypCd value="002" Sync="TRUE"/>
				</geoObjTyp>
				<geoObjCnt Sync="TRUE">0</geoObjCnt>
			</geometObjs>
			<topLvl>
				<TopoLevCd value="001" Sync="TRUE"/>
			</topLvl>
		</VectSpatRep>
	</spatRepInfo>
	<spdoinfo>
		<ptvctinf>
			<esriterm Name="aquatic_invasive_species_observations_py">
				<efeatyp Sync="TRUE">Simple</efeatyp>
				<efeageom code="4" Sync="TRUE"/>
				<esritopo Sync="TRUE">FALSE</esritopo>
				<efeacnt Sync="TRUE">0</efeacnt>
				<spindex Sync="TRUE">FALSE</spindex>
				<linrefer Sync="TRUE">FALSE</linrefer>
			</esriterm>
		</ptvctinf>
	</spdoinfo>
	<eainfo>
		<detailed Name="aquatic_invasive_species_observations_py">
			<enttyp>
				<enttypl Sync="TRUE">aquatic_invasive_species_observations_py</enttypl>
				<enttypt Sync="TRUE">Feature Class</enttypt>
				<enttypc Sync="TRUE">0</enttypc>
			</enttyp>
			<attr>
				<attrlabl Sync="TRUE">FID</attrlabl>
				<attalias Sync="TRUE">FID</attalias>
				<attrtype Sync="TRUE">OID</attrtype>
				<attwidth Sync="TRUE">4</attwidth>
				<atprecis Sync="TRUE">0</atprecis>
				<attscale Sync="TRUE">0</attscale>
				<attrdef Sync="TRUE">Internal feature number.</attrdef>
				<attrdefs Sync="TRUE">Esri</attrdefs>
				<attrdomv>
					<udom Sync="TRUE">Sequential unique whole numbers that are automatically generated.</udom>
				</attrdomv>
			</attr>
			<attr>
				<attrlabl Sync="TRUE">Shape</attrlabl>
				<attalias Sync="TRUE">Shape</attalias>
				<attrtype Sync="TRUE">Geometry</attrtype>
				<attwidth Sync="TRUE">0</attwidth>
				<atprecis Sync="TRUE">0</atprecis>
				<attscale Sync="TRUE">0</attscale>
				<attrdef Sync="TRUE">Feature geometry.</attrdef>
				<attrdefs Sync="TRUE">Esri</attrdefs>
				<attrdomv>
					<udom Sync="TRUE">Coordinates defining the features.</udom>
				</attrdomv>
			</attr>
			<attr>
				<attrlabl Sync="TRUE">id_number</attrlabl>
				<attalias Sync="TRUE">id_number</attalias>
				<attrtype Sync="TRUE">Double</attrtype>
				<attwidth Sync="TRUE">19</attwidth>
				<atprecis Sync="TRUE">0</atprecis>
				<attscale Sync="TRUE">0</attscale>
			</attr>
			<attr>
				<attrlabl Sync="TRUE">subjectnum</attrlabl>
				<attalias Sync="TRUE">subjectnum</attalias>
				<attrtype Sync="TRUE">Double</attrtype>
				<attwidth Sync="TRUE">19</attwidth>
				<atprecis Sync="TRUE">0</atprecis>
				<attscale Sync="TRUE">0</attscale>
			</attr>
			<attr>
				<attrlabl Sync="TRUE">commonname</attrlabl>
				<attalias Sync="TRUE">commonname</attalias>
				<attrtype Sync="TRUE">String</attrtype>
				<attwidth Sync="TRUE">60</attwidth>
				<atprecis Sync="TRUE">0</atprecis>
				<attscale Sync="TRUE">0</attscale>
			</attr>
			<attr>
				<attrlabl Sync="TRUE">scientific</attrlabl>
				<attalias Sync="TRUE">scientific</attalias>
				<attrtype Sync="TRUE">String</attrtype>
				<attwidth Sync="TRUE">100</attwidth>
				<atprecis Sync="TRUE">0</atprecis>
				<attscale Sync="TRUE">0</attscale>
			</attr>
			<attr>
				<attrlabl Sync="TRUE">division</attrlabl>
				<attalias Sync="TRUE">division</attalias>
				<attrtype Sync="TRUE">String</attrtype>
				<attwidth Sync="TRUE">100</attwidth>
				<atprecis Sync="TRUE">0</atprecis>
				<attscale Sync="TRUE">0</attscale>
			</attr>
			<attr>
				<attrlabl Sync="TRUE">category1</attrlabl>
				<attalias Sync="TRUE">category1</attalias>
				<attrtype Sync="TRUE">String</attrtype>
				<attwidth Sync="TRUE">100</attwidth>
				<atprecis Sync="TRUE">0</atprecis>
				<attscale Sync="TRUE">0</attscale>
			</attr>
			<attr>
				<attrlabl Sync="TRUE">category2</attrlabl>
				<attalias Sync="TRUE">category2</attalias>
				<attrtype Sync="TRUE">String</attrtype>
				<attwidth Sync="TRUE">100</attwidth>
				<atprecis Sync="TRUE">0</atprecis>
				<attscale Sync="TRUE">0</attscale>
			</attr>
			<attr>
				<attrlabl Sync="TRUE">observatio</attrlabl>
				<attalias Sync="TRUE">observatio</attalias>
				<attrtype Sync="TRUE">String</attrtype>
				<attwidth Sync="TRUE">35</attwidth>
				<atprecis Sync="TRUE">0</atprecis>
				<attscale Sync="TRUE">0</attscale>
			</attr>
			<attr>
				<attrlabl Sync="TRUE">reporterid</attrlabl>
				<attalias Sync="TRUE">reporterid</attalias>
				<attrtype Sync="TRUE">Double</attrtype>
				<attwidth Sync="TRUE">19</attwidth>
				<atprecis Sync="TRUE">0</atprecis>
				<attscale Sync="TRUE">0</attscale>
			</attr>
			<attr>
				<attrlabl Sync="TRUE">reporter</attrlabl>
				<attalias Sync="TRUE">reporter</attalias>
				<attrtype Sync="TRUE">String</attrtype>
				<attwidth Sync="TRUE">100</attwidth>
				<atprecis Sync="TRUE">0</atprecis>
				<attscale Sync="TRUE">0</attscale>
			</attr>
			<attr>
				<attrlabl Sync="TRUE">srcname</attrlabl>
				<attalias Sync="TRUE">srcname</attalias>
				<attrtype Sync="TRUE">String</attrtype>
				<attwidth Sync="TRUE">100</attwidth>
				<atprecis Sync="TRUE">0</atprecis>
				<attscale Sync="TRUE">0</attscale>
			</attr>
			<attr>
				<attrlabl Sync="TRUE">surveyor</attrlabl>
				<attalias Sync="TRUE">surveyor</attalias>
				<attrtype Sync="TRUE">String</attrtype>
				<attwidth Sync="TRUE">100</attwidth>
				<atprecis Sync="TRUE">0</atprecis>
				<attscale Sync="TRUE">0</attscale>
			</attr>
			<attr>
				<attrlabl Sync="TRUE">administra</attrlabl>
				<attalias Sync="TRUE">administra</attalias>
				<attrtype Sync="TRUE">String</attrtype>
				<attwidth Sync="TRUE">100</attwidth>
				<atprecis Sync="TRUE">0</atprecis>
				<attscale Sync="TRUE">0</attscale>
			</attr>
			<attr>
				<attrlabl Sync="TRUE">unitname</attrlabl>
				<attalias Sync="TRUE">unitname</attalias>
				<attrtype Sync="TRUE">String</attrtype>
				<attwidth Sync="TRUE">100</attwidth>
				<atprecis Sync="TRUE">0</atprecis>
				<attscale Sync="TRUE">0</attscale>
			</attr>
			<attr>
				<attrlabl Sync="TRUE">unittype</attrlabl>
				<attalias Sync="TRUE">unittype</attalias>
				<attrtype Sync="TRUE">String</attrtype>
				<attwidth Sync="TRUE">100</attwidth>
				<atprecis Sync="TRUE">0</atprecis>
				<attscale Sync="TRUE">0</attscale>
			</attr>
			<attr>
				<attrlabl Sync="TRUE">administ_1</attrlabl>
				<attalias Sync="TRUE">administ_1</attalias>
				<attrtype Sync="TRUE">String</attrtype>
				<attwidth Sync="TRUE">100</attwidth>
				<atprecis Sync="TRUE">0</atprecis>
				<attscale Sync="TRUE">0</attscale>
			</attr>
			<attr>
				<attrlabl Sync="TRUE">datereview</attrlabl>
				<attalias Sync="TRUE">datereview</attalias>
				<attrtype Sync="TRUE">String</attrtype>
				<attwidth Sync="TRUE">35</attwidth>
				<atprecis Sync="TRUE">0</atprecis>
				<attscale Sync="TRUE">0</attscale>
			</attr>
			<attr>
				<attrlabl Sync="TRUE">reviewer</attrlabl>
				<attalias Sync="TRUE">reviewer</attalias>
				<attrtype Sync="TRUE">String</attrtype>
				<attwidth Sync="TRUE">100</attwidth>
				<atprecis Sync="TRUE">0</atprecis>
				<attscale Sync="TRUE">0</attscale>
			</attr>
			<attr>
				<attrlabl Sync="TRUE">confidence</attrlabl>
				<attalias Sync="TRUE">confidence</attalias>
				<attrtype Sync="TRUE">String</attrtype>
				<attwidth Sync="TRUE">50</attwidth>
				<atprecis Sync="TRUE">0</atprecis>
				<attscale Sync="TRUE">0</attscale>
			</attr>
			<attr>
				<attrlabl Sync="TRUE">identifica</attrlabl>
				<attalias Sync="TRUE">identifica</attalias>
				<attrtype Sync="TRUE">String</attrtype>
				<attwidth Sync="TRUE">100</attwidth>
				<atprecis Sync="TRUE">0</atprecis>
				<attscale Sync="TRUE">0</attscale>
			</attr>
			<attr>
				<attrlabl Sync="TRUE">reporteraf</attrlabl>
				<attalias Sync="TRUE">reporteraf</attalias>
				<attrtype Sync="TRUE">String</attrtype>
				<attwidth Sync="TRUE">100</attwidth>
				<atprecis Sync="TRUE">0</atprecis>
				<attscale Sync="TRUE">0</attscale>
			</attr>
			<attr>
				<attrlabl Sync="TRUE">reporter_1</attrlabl>
				<attalias Sync="TRUE">reporter_1</attalias>
				<attrtype Sync="TRUE">String</attrtype>
				<attwidth Sync="TRUE">100</attwidth>
				<atprecis Sync="TRUE">0</atprecis>
				<attscale Sync="TRUE">0</attscale>
			</attr>
			<attr>
				<attrlabl Sync="TRUE">countyfips</attrlabl>
				<attalias Sync="TRUE">countyfips</attalias>
				<attrtype Sync="TRUE">Double</attrtype>
				<attwidth Sync="TRUE">19</attwidth>
				<atprecis Sync="TRUE">0</atprecis>
				<attscale Sync="TRUE">0</attscale>
			</attr>
			<attr>
				<attrlabl Sync="TRUE">county</attrlabl>
				<attalias Sync="TRUE">county</attalias>
				<attrtype Sync="TRUE">String</attrtype>
				<attwidth Sync="TRUE">30</attwidth>
				<atprecis Sync="TRUE">0</atprecis>
				<attscale Sync="TRUE">0</attscale>
			</attr>
			<attr>
				<attrlabl Sync="TRUE">city</attrlabl>
				<attalias Sync="TRUE">city</attalias>
				<attrtype Sync="TRUE">String</attrtype>
				<attwidth Sync="TRUE">30</attwidth>
				<atprecis Sync="TRUE">0</atprecis>
				<attscale Sync="TRUE">0</attscale>
			</attr>
			<attr>
				<attrlabl Sync="TRUE">locality</attrlabl>
				<attalias Sync="TRUE">locality</attalias>
				<attrtype Sync="TRUE">String</attrtype>
				<attwidth Sync="TRUE">254</attwidth>
				<atprecis Sync="TRUE">0</atprecis>
				<attscale Sync="TRUE">0</attscale>
			</attr>
			<attr>
				<attrlabl Sync="TRUE">local_owne</attrlabl>
				<attalias Sync="TRUE">local_owne</attalias>
				<attrtype Sync="TRUE">String</attrtype>
				<attwidth Sync="TRUE">100</attwidth>
				<atprecis Sync="TRUE">0</atprecis>
				<attscale Sync="TRUE">0</attscale>
			</attr>
			<attr>
				<attrlabl Sync="TRUE">national_o</attrlabl>
				<attalias Sync="TRUE">national_o</attalias>
				<attrtype Sync="TRUE">String</attrtype>
				<attwidth Sync="TRUE">100</attwidth>
				<atprecis Sync="TRUE">0</atprecis>
				<attscale Sync="TRUE">0</attscale>
			</attr>
			<attr>
				<attrlabl Sync="TRUE">sitename</attrlabl>
				<attalias Sync="TRUE">sitename</attalias>
				<attrtype Sync="TRUE">String</attrtype>
				<attwidth Sync="TRUE">200</attwidth>
				<atprecis Sync="TRUE">0</atprecis>
				<attscale Sync="TRUE">0</attscale>
			</attr>
			<attr>
				<attrlabl Sync="TRUE">habitat</attrlabl>
				<attalias Sync="TRUE">habitat</attalias>
				<attrtype Sync="TRUE">String</attrtype>
				<attwidth Sync="TRUE">254</attwidth>
				<atprecis Sync="TRUE">0</atprecis>
				<attscale Sync="TRUE">0</attscale>
			</attr>
			<attr>
				<attrlabl Sync="TRUE">canopycove</attrlabl>
				<attalias Sync="TRUE">canopycove</attalias>
				<attrtype Sync="TRUE">String</attrtype>
				<attwidth Sync="TRUE">100</attwidth>
				<atprecis Sync="TRUE">0</atprecis>
				<attscale Sync="TRUE">0</attscale>
			</attr>
			<attr>
				<attrlabl Sync="TRUE">grossareai</attrlabl>
				<attalias Sync="TRUE">grossareai</attalias>
				<attrtype Sync="TRUE">String</attrtype>
				<attwidth Sync="TRUE">30</attwidth>
				<atprecis Sync="TRUE">0</atprecis>
				<attscale Sync="TRUE">0</attscale>
			</attr>
			<attr>
				<attrlabl Sync="TRUE">abundance</attrlabl>
				<attalias Sync="TRUE">abundance</attalias>
				<attrtype Sync="TRUE">String</attrtype>
				<attwidth Sync="TRUE">50</attwidth>
				<atprecis Sync="TRUE">0</atprecis>
				<attscale Sync="TRUE">0</attscale>
			</attr>
			<attr>
				<attrlabl Sync="TRUE">infestedar</attrlabl>
				<attalias Sync="TRUE">infestedar</attalias>
				<attrtype Sync="TRUE">String</attrtype>
				<attwidth Sync="TRUE">30</attwidth>
				<atprecis Sync="TRUE">0</atprecis>
				<attscale Sync="TRUE">0</attscale>
			</attr>
			<attr>
				<attrlabl Sync="TRUE">impactedre</attrlabl>
				<attalias Sync="TRUE">impactedre</attalias>
				<attrtype Sync="TRUE">String</attrtype>
				<attwidth Sync="TRUE">254</attwidth>
				<atprecis Sync="TRUE">0</atprecis>
				<attscale Sync="TRUE">0</attscale>
			</attr>
			<attr>
				<attrlabl Sync="TRUE">incidence</attrlabl>
				<attalias Sync="TRUE">incidence</attalias>
				<attrtype Sync="TRUE">String</attrtype>
				<attwidth Sync="TRUE">4</attwidth>
				<atprecis Sync="TRUE">0</atprecis>
				<attscale Sync="TRUE">0</attscale>
			</attr>
			<attr>
				<attrlabl Sync="TRUE">incidenceu</attrlabl>
				<attalias Sync="TRUE">incidenceu</attalias>
				<attrtype Sync="TRUE">String</attrtype>
				<attwidth Sync="TRUE">20</attwidth>
				<atprecis Sync="TRUE">0</atprecis>
				<attscale Sync="TRUE">0</attscale>
			</attr>
			<attr>
				<attrlabl Sync="TRUE">severity</attrlabl>
				<attalias Sync="TRUE">severity</attalias>
				<attrtype Sync="TRUE">String</attrtype>
				<attwidth Sync="TRUE">6</attwidth>
				<atprecis Sync="TRUE">0</atprecis>
				<attscale Sync="TRUE">0</attscale>
			</attr>
			<attr>
				<attrlabl Sync="TRUE">severityun</attrlabl>
				<attalias Sync="TRUE">severityun</attalias>
				<attrtype Sync="TRUE">String</attrtype>
				<attwidth Sync="TRUE">20</attwidth>
				<atprecis Sync="TRUE">0</atprecis>
				<attscale Sync="TRUE">0</attscale>
			</attr>
			<attr>
				<attrlabl Sync="TRUE">disturbanc</attrlabl>
				<attalias Sync="TRUE">disturbanc</attalias>
				<attrtype Sync="TRUE">String</attrtype>
				<attwidth Sync="TRUE">100</attwidth>
				<atprecis Sync="TRUE">0</atprecis>
				<attscale Sync="TRUE">0</attscale>
			</attr>
			<attr>
				<attrlabl Sync="TRUE">disturba_1</attrlabl>
				<attalias Sync="TRUE">disturba_1</attalias>
				<attrtype Sync="TRUE">String</attrtype>
				<attwidth Sync="TRUE">4</attwidth>
				<atprecis Sync="TRUE">0</atprecis>
				<attscale Sync="TRUE">0</attscale>
			</attr>
			<attr>
				<attrlabl Sync="TRUE">disturbsev</attrlabl>
				<attalias Sync="TRUE">disturbsev</attalias>
				<attrtype Sync="TRUE">String</attrtype>
				<attwidth Sync="TRUE">30</attwidth>
				<atprecis Sync="TRUE">0</atprecis>
				<attscale Sync="TRUE">0</attscale>
			</attr>
			<attr>
				<attrlabl Sync="TRUE">percentcov</attrlabl>
				<attalias Sync="TRUE">percentcov</attalias>
				<attrtype Sync="TRUE">String</attrtype>
				<attwidth Sync="TRUE">8</attwidth>
				<atprecis Sync="TRUE">0</atprecis>
				<attscale Sync="TRUE">0</attscale>
			</attr>
			<attr>
				<attrlabl Sync="TRUE">aggressive</attrlabl>
				<attalias Sync="TRUE">aggressive</attalias>
				<attrtype Sync="TRUE">String</attrtype>
				<attwidth Sync="TRUE">50</attwidth>
				<atprecis Sync="TRUE">0</atprecis>
				<attscale Sync="TRUE">0</attscale>
			</attr>
			<attr>
				<attrlabl Sync="TRUE">hostdamage</attrlabl>
				<attalias Sync="TRUE">hostdamage</attalias>
				<attrtype Sync="TRUE">String</attrtype>
				<attwidth Sync="TRUE">50</attwidth>
				<atprecis Sync="TRUE">0</atprecis>
				<attscale Sync="TRUE">0</attscale>
			</attr>
			<attr>
				<attrlabl Sync="TRUE">density</attrlabl>
				<attalias Sync="TRUE">density</attalias>
				<attrtype Sync="TRUE">String</attrtype>
				<attwidth Sync="TRUE">50</attwidth>
				<atprecis Sync="TRUE">0</atprecis>
				<attscale Sync="TRUE">0</attscale>
			</attr>
			<attr>
				<attrlabl Sync="TRUE">txabundanc</attrlabl>
				<attalias Sync="TRUE">txabundanc</attalias>
				<attrtype Sync="TRUE">String</attrtype>
				<attwidth Sync="TRUE">50</attwidth>
				<atprecis Sync="TRUE">0</atprecis>
				<attscale Sync="TRUE">0</attscale>
			</attr>
			<attr>
				<attrlabl Sync="TRUE">txpatchtyp</attrlabl>
				<attalias Sync="TRUE">txpatchtyp</attalias>
				<attrtype Sync="TRUE">String</attrtype>
				<attwidth Sync="TRUE">50</attwidth>
				<atprecis Sync="TRUE">0</atprecis>
				<attscale Sync="TRUE">0</attscale>
			</attr>
			<attr>
				<attrlabl Sync="TRUE">visittype</attrlabl>
				<attalias Sync="TRUE">visittype</attalias>
				<attrtype Sync="TRUE">String</attrtype>
				<attwidth Sync="TRUE">50</attwidth>
				<atprecis Sync="TRUE">0</atprecis>
				<attscale Sync="TRUE">0</attscale>
			</attr>
			<attr>
				<attrlabl Sync="TRUE">studytype</attrlabl>
				<attalias Sync="TRUE">studytype</attalias>
				<attrtype Sync="TRUE">String</attrtype>
				<attwidth Sync="TRUE">50</attwidth>
				<atprecis Sync="TRUE">0</atprecis>
				<attscale Sync="TRUE">0</attscale>
			</attr>
			<attr>
				<attrlabl Sync="TRUE">projectmet</attrlabl>
				<attalias Sync="TRUE">projectmet</attalias>
				<attrtype Sync="TRUE">String</attrtype>
				<attwidth Sync="TRUE">50</attwidth>
				<atprecis Sync="TRUE">0</atprecis>
				<attscale Sync="TRUE">0</attscale>
			</attr>
			<attr>
				<attrlabl Sync="TRUE">numberobse</attrlabl>
				<attalias Sync="TRUE">numberobse</attalias>
				<attrtype Sync="TRUE">String</attrtype>
				<attwidth Sync="TRUE">30</attwidth>
				<atprecis Sync="TRUE">0</atprecis>
				<attscale Sync="TRUE">0</attscale>
			</attr>
			<attr>
				<attrlabl Sync="TRUE">lifestatus</attrlabl>
				<attalias Sync="TRUE">lifestatus</attalias>
				<attrtype Sync="TRUE">String</attrtype>
				<attwidth Sync="TRUE">100</attwidth>
				<atprecis Sync="TRUE">0</atprecis>
				<attscale Sync="TRUE">0</attscale>
			</attr>
			<attr>
				<attrlabl Sync="TRUE">sex</attrlabl>
				<attalias Sync="TRUE">sex</attalias>
				<attrtype Sync="TRUE">String</attrtype>
				<attwidth Sync="TRUE">8</attwidth>
				<atprecis Sync="TRUE">0</atprecis>
				<attscale Sync="TRUE">0</attscale>
			</attr>
			<attr>
				<attrlabl Sync="TRUE">maturity</attrlabl>
				<attalias Sync="TRUE">maturity</attalias>
				<attrtype Sync="TRUE">String</attrtype>
				<attwidth Sync="TRUE">50</attwidth>
				<atprecis Sync="TRUE">0</atprecis>
				<attscale Sync="TRUE">0</attscale>
			</attr>
			<attr>
				<attrlabl Sync="TRUE">phenology</attrlabl>
				<attalias Sync="TRUE">phenology</attalias>
				<attrtype Sync="TRUE">String</attrtype>
				<attwidth Sync="TRUE">200</attwidth>
				<atprecis Sync="TRUE">0</atprecis>
				<attscale Sync="TRUE">0</attscale>
			</attr>
			<attr>
				<attrlabl Sync="TRUE">largestobs</attrlabl>
				<attalias Sync="TRUE">largestobs</attalias>
				<attrtype Sync="TRUE">String</attrtype>
				<attwidth Sync="TRUE">8</attwidth>
				<atprecis Sync="TRUE">0</atprecis>
				<attscale Sync="TRUE">0</attscale>
			</attr>
			<attr>
				<attrlabl Sync="TRUE">largesto_1</attrlabl>
				<attalias Sync="TRUE">largesto_1</attalias>
				<attrtype Sync="TRUE">String</attrtype>
				<attwidth Sync="TRUE">100</attwidth>
				<atprecis Sync="TRUE">0</atprecis>
				<attscale Sync="TRUE">0</attscale>
			</attr>
			<attr>
				<attrlabl Sync="TRUE">smallestob</attrlabl>
				<attalias Sync="TRUE">smallestob</attalias>
				<attrtype Sync="TRUE">String</attrtype>
				<attwidth Sync="TRUE">8</attwidth>
				<atprecis Sync="TRUE">0</atprecis>
				<attscale Sync="TRUE">0</attscale>
			</attr>
			<attr>
				<attrlabl Sync="TRUE">smallest_1</attrlabl>
				<attalias Sync="TRUE">smallest_1</attalias>
				<attrtype Sync="TRUE">String</attrtype>
				<attwidth Sync="TRUE">100</attwidth>
				<atprecis Sync="TRUE">0</atprecis>
				<attscale Sync="TRUE">0</attscale>
			</attr>
			<attr>
				<attrlabl Sync="TRUE">waterbodyt</attrlabl>
				<attalias Sync="TRUE">waterbodyt</attalias>
				<attrtype Sync="TRUE">String</attrtype>
				<attwidth Sync="TRUE">200</attwidth>
				<atprecis Sync="TRUE">0</atprecis>
				<attscale Sync="TRUE">0</attscale>
			</attr>
			<attr>
				<attrlabl Sync="TRUE">waterbodyn</attrlabl>
				<attalias Sync="TRUE">waterbodyn</attalias>
				<attrtype Sync="TRUE">String</attrtype>
				<attwidth Sync="TRUE">200</attwidth>
				<atprecis Sync="TRUE">0</atprecis>
				<attscale Sync="TRUE">0</attscale>
			</attr>
			<attr>
				<attrlabl Sync="TRUE">downumber</attrlabl>
				<attalias Sync="TRUE">downumber</attalias>
				<attrtype Sync="TRUE">String</attrtype>
				<attwidth Sync="TRUE">30</attwidth>
				<atprecis Sync="TRUE">0</atprecis>
				<attscale Sync="TRUE">0</attscale>
			</attr>
			<attr>
				<attrlabl Sync="TRUE">stemcount</attrlabl>
				<attalias Sync="TRUE">stemcount</attalias>
				<attrtype Sync="TRUE">String</attrtype>
				<attwidth Sync="TRUE">50</attwidth>
				<atprecis Sync="TRUE">0</atprecis>
				<attscale Sync="TRUE">0</attscale>
			</attr>
			<attr>
				<attrlabl Sync="TRUE">reference</attrlabl>
				<attalias Sync="TRUE">reference</attalias>
				<attrtype Sync="TRUE">String</attrtype>
				<attwidth Sync="TRUE">254</attwidth>
				<atprecis Sync="TRUE">0</atprecis>
				<attscale Sync="TRUE">0</attscale>
			</attr>
			<attr>
				<attrlabl Sync="TRUE">comments</attrlabl>
				<attalias Sync="TRUE">comments</attalias>
				<attrtype Sync="TRUE">String</attrtype>
				<attwidth Sync="TRUE">254</attwidth>
				<atprecis Sync="TRUE">0</atprecis>
				<attscale Sync="TRUE">0</attscale>
			</attr>
			<attr>
				<attrlabl Sync="TRUE">treatment</attrlabl>
				<attalias Sync="TRUE">treatment</attalias>
				<attrtype Sync="TRUE">String</attrtype>
				<attwidth Sync="TRUE">200</attwidth>
				<atprecis Sync="TRUE">0</atprecis>
				<attscale Sync="TRUE">0</attscale>
			</attr>
			<attr>
				<attrlabl Sync="TRUE">latitude_d</attrlabl>
				<attalias Sync="TRUE">latitude_d</attalias>
				<attrtype Sync="TRUE">Double</attrtype>
				<attwidth Sync="TRUE">19</attwidth>
				<atprecis Sync="TRUE">0</atprecis>
				<attscale Sync="TRUE">0</attscale>
			</attr>
			<attr>
				<attrlabl Sync="TRUE">longitude_</attrlabl>
				<attalias Sync="TRUE">longitude_</attalias>
				<attrtype Sync="TRUE">Double</attrtype>
				<attwidth Sync="TRUE">19</attwidth>
				<atprecis Sync="TRUE">0</atprecis>
				<attscale Sync="TRUE">0</attscale>
			</attr>
			<attr>
				<attrlabl Sync="TRUE">latlng</attrlabl>
				<attalias Sync="TRUE">latlng</attalias>
				<attrtype Sync="TRUE">String</attrtype>
				<attwidth Sync="TRUE">50</attwidth>
				<atprecis Sync="TRUE">0</atprecis>
				<attscale Sync="TRUE">0</attscale>
			</attr>
			<attr>
				<attrlabl Sync="TRUE">Shape_Leng</attrlabl>
				<attalias Sync="TRUE">Shape_Leng</attalias>
				<attrtype Sync="TRUE">Double</attrtype>
				<attwidth Sync="TRUE">19</attwidth>
				<atprecis Sync="TRUE">0</atprecis>
				<attscale Sync="TRUE">0</attscale>
			</attr>
			<attr>
				<attrlabl Sync="TRUE">Shape_Area</attrlabl>
				<attalias Sync="TRUE">Shape_Area</attalias>
				<attrtype Sync="TRUE">Double</attrtype>
				<attwidth Sync="TRUE">19</attwidth>
				<atprecis Sync="TRUE">0</atprecis>
				<attscale Sync="TRUE">0</attscale>
				<attrdef Sync="TRUE">Area of feature in internal units squared.</attrdef>
				<attrdefs Sync="TRUE">Esri</attrdefs>
				<attrdomv>
					<udom Sync="TRUE">Positive real numbers that are automatically generated.</udom>
				</attrdomv>
			</attr>
		</detailed>
	</eainfo>
	<mdDateSt Sync="TRUE">20170209</mdDateSt>
</metadata>
